feature0,feature1,feature2,date,weather,target
0.27464720361244455,-0.6036204360190907,0.6888966666079323,2021-01-01,sunny,41.26978316781721
-0.30769127736700175,0.26902407317624666,-0.5664398537322193,2021-01-01,sunny,-147.974545241044
0.4778085626164694,-0.060137885503685214,1.9740999482418995,2021-01-01,cloudy,204.59748555803523
-0.603839552796151,-1.1495540632571182,-1.1884244215830193,2021-01-01,cloudy,-119.53589224143434
0.10471402943328433,0.2280533251240672,-0.4223148241252707,2021-01-01,cloudy,-34.25300712957124
1.0723006472880914,-0.5037094373682366,0.5709498398461205,2021-01-01,sunny,127.3423368526436
-1.0848560594614451,1.1173053155366646,-1.0455245570694658,2021-01-01,sunny,-72.75570512742225
-0.7977027599404173,0.46937222533875006,1.2740445379470846,2021-01-01,sunny,-9.792822816869982
-0.381735087240566,-0.1527944634020866,-0.4482827991587956,2021-01-01,sunny,3.1811537799277048
-3.0461430547999266,0.5433118913875197,-0.39238899814963674,2021-01-01,cloudy,-240.04591295684023
0.5898798207345195,-0.3638588099707899,0.7679024077327037,2021-01-01,sunny,121.74670394585696
1.8675579901499675,-0.977277879876411,2.240893199201458,2021-01-01,sunny,276.9050163327453
0.5707885293815738,1.5427963382930518,-0.9448701973880109,2021-01-02,cloudy,56.93167941339158
0.36559146022463607,-1.6677798928842373,-0.5843752753113219,2021-01-02,sunny,25.473754325857417
0.583569926909304,2.9290962417638613,0.20721739341095335,2021-01-02,sunny,20.57038514349025
0.8783037577325304,0.08645252400759346,-0.8869043262838756,2021-01-02,cloudy,7.611747774567468
-0.01568211160255477,0.16092816829822298,0.339964983801262,2021-01-02,rainy,16.521610431966412
2.339624806020058,-0.2764328450158372,0.045134015432010274,2021-01-02,sunny,155.719661899099
0.9667680111664602,0.5080679093914777,-0.5643010333021604,2021-01-02,sunny,110.16833901283438
1.2466951408944356,0.7006801090936924,0.2028810444426216,2021-01-02,cloudy,74.71041008255816
0.5082991855939731,0.5833680068212987,-1.9434568512868227,2021-01-02,cloudy,-29.82611010211957
-0.8707971491818818,-0.5788496647644155,-0.6848100909403132,2021-01-02,sunny,-40.64631664058805
0.17437304870152562,-2.19368335169466,-0.01325026793402666,2021-01-02,sunny,2.5419947331241772
-0.4213275873246805,-0.46931073627910674,0.768770644399475,2021-01-03,sunny,7.055509318538136
0.09419230031014657,-1.1476109448431353,-0.19839889682004574,2021-01-03,sunny,80.2688926361311
0.47706809235686526,-0.35595149304680634,-0.968082117664578,2021-01-03,sunny,11.17314177397423
-0.17346389707287913,-0.5100295397556169,1.123905305614439,2021-01-03,rainy,56.34997031506017
-1.3915052694042196,0.8690063428187611,0.9341797484997248,2021-01-03,rainy,-42.00655698475959
-1.0452533661469547,1.2111452896827009,0.6088438344754508,2021-01-03,sunny,-56.606269738048226
-1.8059362626034217,-0.01932279197126341,-0.0037628171450240252,2021-01-03,cloudy,-147.53029420758327
-0.9774648772458692,0.87938994191337,0.1474344016509719,2021-01-03,sunny,-20.876180517280176
1.079618592036821,-0.8133642592042029,1.15233156478312,2021-01-03,rainy,154.0676869604992
-1.3159074105115212,-0.461584604814709,1.117016288095853,2021-01-03,cloudy,12.631057570015585
0.6103793791072052,-1.188859257784029,-1.582938397335082,2021-01-03,cloudy,-63.92208613750849
-0.3479121493261526,0.15634896910398005,-1.980796468223927,2021-01-04,sunny,-200.06527677461392
1.0122605100653357,-1.527631948178774,-0.745023216807689,2021-01-04,rainy,-0.9769902472119867
-0.6758916940010166,-0.41321702835180807,-1.007909803283898,2021-01-04,rainy,-142.8735659747009
0.5592989813908843,-1.063695591025548,0.9508336970037996,2021-01-04,sunny,87.85499094168065
-0.18844908213006825,-1.1758349879382288,0.6530372834064285,2021-01-04,rainy,10.732732774915526
-0.6585529668050037,-0.5142339659399888,-0.07392466628041514,2021-01-04,sunny,-89.21596379195667
-0.3615992807816198,1.0645851361278518,-0.14456681693373594,2021-01-04,sunny,-5.473237083222681
-1.0585718976053677,-0.50900583859132,-0.3591165950658852,2021-01-04,cloudy,-80.32704526157094
-1.6324233020679833,-0.06713415461452177,-0.31754309393019925,2021-01-04,rainy,-119.10849055735802
-0.37070400322045344,-0.9456157955562914,-1.3183958696447342,2021-01-04,rainy,-89.86572677057858
0.9387468756823101,0.6071116719160459,0.08753147092167086,2021-01-04,sunny,44.00546497080782
-1.6300026510237087,-2.7196793643226145,0.4080746493461687,2021-01-05,cloudy,-179.13518343049935
-1.5487961370026657,0.12656880153077496,-1.461738342216723,2021-01-05,sunny,-163.25167624503405
-0.8622669997532367,0.16066118981977281,0.5023282400747796,2021-01-05,sunny,-102.05472103667076
1.5692596145359043,0.690429024383049,0.012231983638817386,2021-01-05,rainy,84.62833376159769
0.00377088908626934,0.9318483741143037,0.698457149107336,2021-01-05,cloudy,39.123313521698485
-0.45553250351734315,0.01747915902505673,-0.6895497777502005,2021-01-05,sunny,-107.29823933347865
-2.285499448789645,-1.6018409520745176,-1.9138007046699812,2021-01-05,sunny,-279.22371107235716
1.9677296821430459,0.44768321574265635,-0.2240923670629287,2021-01-05,sunny,129.42361682346873
0.4683049076895917,0.11273794123573726,2.1531197925705827,2021-01-05,sunny,151.45445516518922
-1.0956712289725123,-1.0928966063260301,0.9219348042245775,2021-01-05,rainy,-3.7616802683204256
-0.5812684768603252,-1.6326345262344952,-0.3474506524985633,2021-01-05,rainy,-102.61447811437033
-0.355494774608452,-1.1974276956385663,-1.329891861334063,2021-01-06,sunny,0.6101848938081389
-2.3536403996904136,-1.0051444309566715,0.8183537308271613,2021-01-06,sunny,-102.4562018993445
0.4195241084261415,0.9244340219585094,-0.08422329652739403,2021-01-06,cloudy,8.73703525964299
-0.011145611841841251,0.011498899870062375,0.022959755607951444,2021-01-06,rainy,-9.02827017722018
0.24660218626133443,-0.6255570351092533,0.4209182841756566,2021-01-06,rainy,-16.49304371921164
0.556964120578887,,-1.522768090504186,2021-01-06,cloudy,-36.698048390055405
0.8313510579847683,0.4879726826630046,-0.9681860639071049,2021-01-06,sunny,-25.720143273304036
0.6140793703460803,0.9222066715665268,-0.1550100930908342,2021-01-06,cloudy,130.2276210432158
-0.8076484876163557,-1.4465346995633879,-0.18505367100934153,2021-01-06,cloudy,-20.336586645803408
0.3270662091210221,1.6315974275322715,0.8326507394644783,2021-01-06,cloudy,78.85429468461584
-0.7946363210714987,0.19796728994496746,-0.34624944764730997,2021-01-06,sunny,-68.7677031639998
-0.12194492760027727,0.3390592559424304,0.013239767667533552,2021-01-07,sunny,-16.713994656198985
0.9380925409056455,0.29673317249411335,-0.3655510899860373,2021-01-07,sunny,92.78097014406788
1.070360016973174,-0.7200014312908092,0.2934713976498223,2021-01-07,sunny,166.21050957794836
0.5043435751629946,-1.1439806995987403,0.40431434332899113,2021-01-07,sunny,89.35817106273322
1.936712462402552,-1.4519055294317473,0.4038960208359738,2021-01-07,sunny,166.07850803246464
2.3466470305265617,-1.2791611070282582,-0.8047537406378693,2021-01-07,cloudy,71.456342588799
-0.14244786878884133,-1.308763514238608,0.12853631685604816,2021-01-07,rainy,22.00141347231726
0.17462957781357,0.982326983800298,-1.003265756903889,2021-01-07,rainy,-35.940979691554865
-0.3550287310553741,-1.8923618933173414,-0.3004787855854223,2021-01-07,cloudy,-73.1484607082911
-0.8935744023141913,-0.15602389099728736,-0.7199405321418947,2021-01-07,sunny,-72.31645384639029
0.307732574679432,0.15925046837370244,0.20727074697361864,2021-01-07,sunny,50.459051497854524
-1.604738529860987,1.4587147496759936,-1.4061047713910109,2021-01-08,rainy,-253.669288849864
0.4936440875248639,0.48701532598037944,-1.7140461160489964,2021-01-08,cloudy,19.38784574478649
1.5788651944164882,-0.795500550053291,-0.030936257273958937,2021-01-08,cloudy,76.10377911939466
0.4140913537935951,-0.5072344618949226,1.042977594646376,2021-01-08,rainy,91.23416682291611
-0.5110404635801098,,-1.6193599828975425,2021-01-08,sunny,-95.93503039085591
-0.6780954607862469,0.7539914669784796,-0.20694471055729102,2021-01-08,sunny,-69.71037942243814
-1.3094121463310142,0.8178618311849958,-1.4828833575740425,2021-01-08,cloudy,-101.58226535569699
1.3264616423656934,-0.964606424206264,-1.794229271489721,2021-01-08,sunny,-51.29488732230206
1.3480357804247187,0.9076987979878987,0.04985726659982265,2021-01-08,cloudy,148.46379448247765
-0.04727771569624714,0.6641440493586505,0.12253131765330154,2021-01-08,cloudy,20.26571561767623
-0.3362738590855785,1.5237711976170534,-0.39282060354620846,2021-01-08,cloudy,-55.28810212764696
1.304213891849503,0.10481160807228165,0.7386070289928207,2021-01-09,sunny,106.12389641383854
-2.5591846663440965,1.1813786012882859,1.0781973037142378,2021-01-09,cloudy,-12.12414129759648
0.9693967081580112,-1.17312340511416,-1.2704849984857336,2021-01-09,rainy,-34.63483352634338
0.7290905621775369,0.12898291075741067,0.05194539579613895,2021-01-09,cloudy,-6.875387838035898
-1.0485529650670926,-1.4200179371789752,-0.30230275057533557,2021-01-09,cloudy,-88.78246203193775
-0.4015575444993436,-0.46847604467972315,-1.348424319121701,2021-01-09,sunny,-161.00062070416377
-0.08203415314548415,-0.9571580982754103,0.018922103882194737,2021-01-09,sunny,-27.03459502141365
1.037585667050634,0.018791791774257802,1.3925184494342724,2021-01-09,sunny,80.60731446761845
0.37791010173847506,1.3243587499958391,-0.1682142227670741,2021-01-09,cloudy,15.278362289687744
0.595423156763723,0.4448534381865086,0.5507886141027314,2021-01-09,sunny,102.73518682930023
-1.7971646153956184,-0.8022531717308108,-0.009657236532908346,2021-01-09,,-163.5878974750109
0.23908708037359924,-0.6078874462819541,-0.9733759675567485,2021-01-10,rainy,-35.01923531865875
-1.5500141893581478,-0.45582534779936884,1.648504010268179,2021-01-10,sunny,-56.34436724809794
-1.0117740841054885,0.08496813703770767,-0.8391241905992737,2021-01-10,sunny,-92.69325777808561
1.336235090812621,1.3423536912579532,-0.897409503631337,2021-01-10,sunny,-13.966892521795245
0.8801789120807822,-1.6981058194322545,-0.20690367616397173,2021-01-10,rainy,52.78852238705537
0.4001572083672233,0.9787379841057392,1.764052345967664,,,127.34274798622691
-1.0002153473895647,-1.5447710967776116,0.8443629764015471,2021-01-10,cloudy,6.65895549093765
1.5327792143584575,1.469358769900285,-0.1871838500258336,2021-01-10,cloudy,85.95110210339601
0.030601824338517807,-0.06964157844693558,0.9971179807917595,2021-01-10,cloudy,102.41361604602643
0.7772769637679554,-0.29104146327302577,-1.1343115937222275,2021-01-10,sunny,22.35671606659811
-0.3234574724834238,0.19782816784986781,1.3151376657209723,2021-01-10,sunny,38.194700447275665
-1.4465778900358943,-1.582685641802789,1.7367749569767108,2021-01-10,rainy,-12.578497420331491
0.38182400961938384,0.3982960861974925,-0.935127209437544,2021-01-11,cloudy,33.67080868060597
-0.7364911715057483,0.5550479424104341,-0.6252459225571738,2021-01-11,sunny,-91.38840106543667
0.37816251960217356,-0.8877857476301128,0.1549474256969163,2021-01-11,sunny,36.803047972618685
0.2456164279017758,-0.032996480264666096,0.8425887964569804,2021-01-11,sunny,37.46420374109182
0.4331187294489333,-0.21018881379676232,0.7375215134138817,2021-01-11,rainy,55.01813724259145
-1.272558135032317,1.5187593369635801,-1.4812459621972984,2021-01-11,sunny,-118.59714209727267
-0.65240858238702,-0.3909533751876011,0.39009332268792646,2021-01-11,sunny,-48.40731860945394
1.4121516982986309,-1.3804307523072692,-0.923912015810002,2021-01-11,sunny,122.40213051923952
-0.09406245036260366,0.39756521561746616,-0.2507566767601495,2021-01-11,sunny,-76.54835810879021
-0.08328839569996337,1.602863629377136,-0.6783298378739697,2021-01-11,cloudy,-81.02243727389612
0.09152194677887708,1.053439748630448,-0.5413595884312206,2021-01-11,sunny,-91.73168146774738
0.6845011068591904,0.3708250012811021,1.7327211869191332,2021-01-12,sunny,143.28047324764114
0.5384370003545387,0.48334185178057176,-0.0560994733409029,2021-01-12,sunny,71.41775135160947
1.5116393498843184,1.706468247260989,-0.7995934996704901,2021-01-12,sunny,48.55418820062837
-0.6432576017887388,-1.1335928256384589,1.5877615237453675,2021-01-12,cloudy,22.135290712726558
0.7591566751082341,0.10056420309716296,0.20733404604568986,2021-01-12,sunny,71.86052760357714
0.31721821519130206,0.7863279621089762,0.9101789080925919,2021-01-12,sunny,3.1910348376575115
-0.1066526736602251,-0.4932143871104978,0.48693730493993265,2021-01-12,sunny,46.867869319408285
-0.13370155966843916,1.0777438059762627,-0.1595734381462669,2021-01-12,sunny,53.4065498259623
0.6941287081378864,-0.3287276927366078,0.1532884691324239,2021-01-12,sunny,99.36889369851474
1.1411018666575734,1.4665787155741776,0.8579239242923363,2021-01-12,sunny,118.0242668239271
0.651781261700616,0.0014710002454108063,0.3382254736851153,2021-01-12,sunny,17.01998461012934
0.30532075501249806,1.02416493277307,-0.8661687990074722,2021-01-13,cloudy,-29.217075635001496
0.8253722320875148,-0.2983231689958337,-0.2693897784512403,2021-01-13,sunny,19.7968474225069
-0.47965581400794766,0.6203582983435125,-0.4779740040404867,2021-01-13,cloudy,6.700528776870854
-0.5473555742986664,-0.5507994257068402,0.11566507404634657,2021-01-13,sunny,11.849572088283132
-0.4152313958216571,-0.6736641713091397,-0.4017637421265006,2021-01-13,cloudy,-60.857145410305286
0.9444794869904138,-0.9128222254441586,2.383144774863942,2021-01-13,rainy,219.8164129500952
-0.1306203959951194,1.4006890344430014,-1.0834266602642797,2021-01-13,cloudy,-48.789749654600115
-1.8297404110045314,0.03700572191014953,0.453781912635684,2021-01-13,sunny,-44.18538233795554
-0.8152756611364586,1.801213990808535,0.597212504403425,2021-01-13,cloudy,-55.24787872898678
-0.9842090022728482,-0.1877949219748069,-2.0195400853867214,2021-01-13,sunny,-206.84797128782532
0.5049947217800111,1.3289607475532235,0.10217832694397073,2021-01-13,rainy,-2.620810957881929
1.9517610122678137,1.2399405498273601,1.925805737459527,2021-01-14,sunny,236.78612763187726
1.6043263194156412,0.2080695296299638,1.5148822938930058,2021-01-14,sunny,137.71005569413558
1.3462210732223001,,-0.9724028893524976,2021-01-14,sunny,65.88263176665903
0.0330897511387602,-0.8541612608143545,-0.5992242774597194,2021-01-14,rainy,-9.725266697458128
-0.14735366458284366,1.0598062949337745,-0.8866142600561124,2021-01-14,cloudy,-81.54990004984249
1.264983329856256,-0.3007838764760271,-1.34841308775612,2021-01-14,sunny,60.83463041892424
0.6289995874568216,0.31403384364714554,0.23497719288905192,2021-01-14,cloudy,132.76359923298062
-0.4034591834208012,-1.8300285504278102,-0.4122717546045429,2021-01-14,sunny,-145.74273272828032
-1.6413486088230291,-0.1550358081183258,1.390533967073938,2021-01-14,cloudy,-36.31246759490805
1.5309323510288246,0.09244773546980858,0.04253907402979072,2021-01-14,sunny,146.18425559436338
1.0289354925948542,-0.0722870075600049,-0.30496363785442043,2021-01-14,sunny,-2.7228930150733603
0.6191549216054889,-1.8743134967410682,0.7393045331330262,2021-01-15,sunny,161.29039965960146
0.8024563957963952,0.947251967773748,-0.2680033709513804,2021-01-15,cloudy,40.27852621941557
-1.2785138405206862,-1.044816319379857,-1.1644484538704645,2021-01-15,cloudy,-124.600409761116
2.079176664795037,-0.9074659814202977,0.3200319320927313,2021-01-15,cloudy,194.99708385045767
0.9265583009670965,0.5580818806186658,2.5402316207591715,2021-01-15,rainy,241.4153028741367
-0.042171451290578935,-0.2868871923899076,0.094351589317074,2021-01-15,cloudy,-15.915695454099291
1.0097118548117143,-1.0053118723488588,0.3843234052112453,2021-01-15,sunny,138.90042486199016
0.4734882616664622,1.8552462094204791,0.1408106518782359,2021-01-15,sunny,49.019882594489296
0.7849575212405001,-0.5543096265713009,-1.139802455426774,2021-01-15,sunny,-29.69604216366009
-0.3595531615405413,-0.813146282044454,-0.672460447775951,2021-01-15,sunny,-84.64781080810252
-0.6250273906846713,-0.3903926939855081,0.7540956636562427,2021-01-15,sunny,-23.03746588774448
-0.3432350544551033,0.07077407590065136,0.7312936208403685,2021-01-16,sunny,2.419759547856316
-0.8958157604108271,0.5483281304979799,-0.5896320419510298,2021-01-16,sunny,-33.22274755721891
0.28912050527881217,0.4128708204461747,0.24078750974193844,2021-01-16,sunny,45.83811634187476
0.06859922748066052,,0.5127175234723987,2021-01-16,sunny,92.97430623066019
-0.3355806435831669,1.896182228633144,-0.7846874114294452,2021-01-16,cloudy,-110.6926108072204
1.8958891760305832,1.1787795711596507,1.4882521937955997,2021-01-16,cloudy,263.74311942753286
1.7025701522417913,0.06763423006691976,0.18970261207999575,2021-01-16,cloudy,129.82808099642253
-0.9301565025243212,-0.17858909208732915,-0.21673147057553863,2021-01-16,cloudy,-65.83087476597103
0.13906415030468255,-0.8576702045753997,1.6292757699588616,2021-01-16,sunny,121.544866867862
-0.7267120259827976,-0.21716311572416697,-0.05775655837871275,2021-01-16,sunny,-87.00652728615755
-0.09038200727694681,1.3675972398067135,1.3599485416794843,2021-01-16,sunny,66.16289257588755
0.10482780282721457,-0.9932572174375524,1.1279566249333806,2021-01-17,sunny,54.79377446469937
0.0674922572408068,0.016338084112892493,0.38141625420917086,2021-01-17,sunny,4.045142879036103
0.7811981017099934,1.4944845444913688,-1.1561824318219127,2021-01-17,sunny,-25.757233728201328
-0.42554221277144805,1.4219755592924648,0.027762131625501486,2021-01-17,cloudy,-80.38814704014162
0.49097105518197964,0.8655251906712624,-0.44903714144696555,2021-01-17,cloudy,-13.778091584867884
-0.9402702359572048,-0.6599427051023377,1.561279598955807,2021-01-17,sunny,51.26295174194552
1.0223923224420695,-0.49821161858610963,0.4447813624072502,2021-01-17,sunny,197.04841107058377
-0.7075056975105769,0.03976673458649517,0.6705704503109099,2021-01-17,sunny,25.263326204014014
-0.8779706165358702,1.2961498675278833,0.8709617821716196,2021-01-17,cloudy,-7.379343290635524
0.5434534395827254,0.13998846738685936,0.022212664516484088,2021-01-17,cloudy,69.2936078133492
0.4627822555257742,-0.9072983643832422,-1.6301983469660446,2021-01-17,sunny,-25.124286878399836
-2.1433080652386884,1.796918522574928,-1.0065590647942375,2021-01-18,cloudy,-239.15330293480105
-0.8351926901914831,-0.9467404109571895,0.8065637678962596,2021-01-18,rainy,-22.128363839329836
2.6205738460182393,-0.7474731780653794,-1.4469403347558085,2021-01-18,sunny,129.69605313004746
1.0963468456657985,-0.23421580134453654,-0.03424228053195387,2021-01-18,rainy,122.31452523903474
-0.7699160744453164,0.5392491912918173,0.40746183624111043,2021-01-18,sunny,7.465003536328666
0.07458640654355353,-1.0770990694039948,-0.898942156465536,2021-01-18,sunny,-130.21798971809875
-1.5914478754580315,0.003222216443155699,0.6089623416545242,2021-01-18,sunny,-33.16288700153751
0.8449956030008372,-0.675593827630063,-0.5070347697653375,2021-01-18,cloudy,25.38175034518513
0.38909396886572056,1.1710410646204883,1.4737648151384048,2021-01-18,sunny,112.32753728653033
0.9008227642090298,-1.5059113515713871,1.6638731244377296,2021-01-18,sunny,127.04985776168428
-1.4055600473918899,-0.3497821801115369,0.13157396790806872,2021-01-18,sunny,-98.24248446073953
-0.5969171117831944,-0.22295918297037942,0.658802141691513,2021-01-19,sunny,-12.5276515546757
-0.37595996597125914,-2.3721938715130153,-0.7393953025101954,2021-01-19,cloudy,-57.80501906677992
0.6225191403049977,-0.6311919417468571,-0.8624932997247339,2021-01-19,sunny,61.97846622267756
0.37317471825257814,1.0826722820910646,-1.3946796415926757,2021-01-19,sunny,-77.39936287625903
0.25099811600832395,1.0547579251802828,-0.17781314370301254,2021-01-19,cloudy,-7.831871888607727
0.2400569292967187,0.10015940809062349,-0.15901225155435933,2021-01-19,rainy,-12.009800618559224
0.42833187053041766,0.06651722238316789,-0.028182228338654868,2021-01-19,sunny,-82.78864573587394
-1.2142172813593393,-0.8751547489139164,1.2424939128184713,2021-01-19,cloudy,-15.181209511474872
-0.907300121525327,0.2242522209656819,-0.7905230218330772,2021-01-19,rainy,-109.43821114245551
-1.7410228083589014,-0.7803044065015394,-0.2916419863518446,2021-01-19,cloudy,-82.24983090742627
-1.1506920042566469,0.6006052017330761,-1.022855040804214,2021-01-19,cloudy,-63.12852937792702
-1.2920012510471275,-0.5186786872885925,1.3207943861279146,2021-01-19,rainy,-1.0537632380309638
1.1035037667283756,-0.575255994806118,-1.1690957473220271,2021-01-20,sunny,72.99439629810318
-0.2675947462353477,-0.6780257815644504,0.9424681192203938,2021-01-20,cloudy,-10.768371353533965
-1.775887999961829,1.6692508063769687,0.4026255311300352,2021-01-20,,-112.86173040257884
-0.035742733548173485,0.33601574266199213,0.777604137902912,2021-01-20,rainy,97.21071730079102
0.7538656835623008,-0.8881882110855133,0.47329059491479947,2021-01-20,cloudy,109.81102369722824
-0.807554041549866,-0.7421521616503846,-0.1894179288117906,2021-01-20,sunny,-69.0073605553601
0.6251186564337302,-0.813595997094507,-0.7823669669020897,2021-01-20,sunny,-61.838136886565756
-0.653284701927889,0.07851402517417629,-0.6296504269401813,2021-01-20,sunny,-66.78135704028699
0.08071989043386668,-1.037029343848692,0.9091884953309661,2021-01-20,sunny,1.9501898967464442
0.4958506689654304,-1.3205253468280322,-0.11496176627749469,2021-01-20,sunny,33.785243225315035
0.5066690260283885,-0.6222254717550558,1.0137505474982607,2021-01-20,cloudy,51.03050652604361
0.26473875775570727,-1.66184836721825,-0.12915348246011388,2021-01-21,cloudy,42.933461939022465
1.6264314909922573,1.2926460210124688,0.9903228106559455,2021-01-21,cloudy,210.86393989040516
-1.6553440383096778,0.15364446081566638,1.3674149824601585,2021-01-21,sunny,-101.28599801428534
-0.21977298571336235,0.9007239050891807,2.188618678822837,,rainy,65.34549086015917
-0.6289807075912683,1.070072512070977,-1.4317977780650375,2021-01-21,cloudy,-176.7438439015226
-0.04001872535163292,-1.2597873434052702,0.41785370321732596,2021-01-21,rainy,9.037810742493864
0.3658487879168582,1.2978252669735855,-0.5316059080114549,2021-01-21,cloudy,-86.0891392368975
0.5711098221298226,-0.5436940296827768,1.6184593242319745,2021-01-21,sunny,211.54590347403666
0.319649783134073,-0.4098545384398195,0.731551581862154,2021-01-21,cloudy,18.648191499056438
-1.0793431660249952,-0.11422555145018021,-0.24679355778875178,2021-01-21,sunny,-35.3150409371679
-1.5776070685393473,-0.3405600349378623,-0.6621914435304808,2021-01-21,rainy,-90.67270375987073
1.0294388287827672,-0.9087632459590531,0.7714059486768455,2021-01-22,cloudy,53.49681368125381
0.5410082199598076,-0.08511560251940574,-1.3177173431407654,2021-01-22,cloudy,-70.65405272398266
-1.2085736537332212,-0.2420198298702195,,2021-01-22,sunny,-39.51103977421593
0.8820565993630106,-1.252593341503319,-0.7727718829782021,2021-01-22,rainy,45.07566262470561
0.5822245913979243,-2.0946030712061448,0.9295051114795281,2021-01-22,sunny,118.91010956274843
0.8672766288084278,-0.8483205228052325,0.05157494276988904,2021-01-22,sunny,79.60286325340401
-2.5827966329699446,-1.1539503636520094,0.0328087476137118,2021-01-22,sunny,-124.25394381768784
0.5640085350738091,-1.2845522979925272,-2.245321648371402,2021-01-22,sunny,-75.81412859399961
-0.6470535263827593,0.1712435451522125,0.6572676903047773,2021-01-22,cloudy,-65.35300341736601
0.4183980113091925,0.4355461592956536,1.4333525028819918,2021-01-22,sunny,155.95655876160453
1.3852615467222305,-0.3030982534240727,0.7243685048699644,2021-01-22,rainy,178.57912341632553
0.4662900435501895,1.714831608676043,-0.6161211233234792,2021-01-23,sunny,-72.70833275939523
0.7196681705373317,-0.24841930670503823,-0.7110405967911112,2021-01-23,sunny,5.8948491778778465
,2.497200391587007,-0.507517601657357,2021-01-23,sunny,-72.60070484138757
2.5263682403559984,1.7699213881967337,-1.4956795162570162,2021-01-23,cloudy,81.2389811877595
-2.2555642294021894,-1.0225068436356035,0.3872804753950634,2021-01-23,cloudy,-165.32263984088817
1.404545514939712,0.14644077047824985,0.07821118109215218,2021-01-23,cloudy,171.62902427619406
-0.6429525533528905,0.1501152270061292,0.278081047967944,2021-01-23,sunny,-6.25466869876335
-0.24945858016094885,0.04949498165009074,0.8416312640736364,2021-01-23,rainy,-0.5579169919684652
-0.5457119740177824,-1.8845858449794477,0.37687652085089274,2021-01-23,rainy,2.9505802323662387
0.544144752358008,0.4472120874548315,0.9541895808987649,2021-01-23,sunny,136.34760212664753
0.3562928174722889,-1.7685384506770307,0.7666631816450861,2021-01-23,sunny,57.44281095193679
0.7010413411650971,-0.417477349885034,1.0156652815421012,2021-01-24,cloudy,110.1791572987643
-0.2815754308001021,-0.5893867019785693,-0.7997861383857707,2021-01-24,sunny,-57.32507916059841
-0.5911831037644297,-0.6677202863593994,-0.8376780419079453,2021-01-24,rainy,-133.10403407220502
-0.130106954193704,0.09395322938556872,0.12372191423350658,2021-01-24,sunny,-71.74776320640689
-1.0994007905841945,0.298238174206056,0.37642553115562943,2021-01-24,sunny,-36.14658535961103
0.008627898917576322,0.5270042084546597,0.6168865543932788,2021-01-24,sunny,28.59560048285612
-0.22425893425164034,-0.30224973045507003,-0.3820089555778202,2021-01-24,rainy,-69.26890099029933
0.20579680373407996,-1.3065215229226008,-1.093895056734405,2021-01-24,cloudy,-61.06935069876205
0.1319117557874122,-1.9805655910689397,-0.9489328108497634,2021-01-24,cloudy,46.182412058844854
-0.02579855825448711,1.1452621730192247,1.3086687523521792,2021-01-24,sunny,83.75410485709504
-0.5654978063746563,0.4760313834381145,-0.7401367907395136,2021-01-24,rainy,-82.61996342756139
-0.21954102833121325,-1.0840366206719345,0.43904295767204254,2021-01-25,cloudy,-25.635241648319653
-0.3961231977514495,2.2542836988049624,-2.1630976483961257,2021-01-25,rainy,-169.24933647669639
-0.5559850318789673,0.02673838267463693,-1.05747364780153,2021-01-25,sunny,-81.09413668158462
-1.5096616060682988,-0.27739139174310984,0.7790512201329916,2021-01-25,rainy,-126.94487959832456
-0.39618544474981693,0.7510253041897702,-0.05697905497773967,2021-01-25,sunny,-3.097313022776227
0.2390336012467649,-1.0003303489537054,-0.04932407014757259,2021-01-25,rainy,34.36159245286888
0.08261103215620101,-0.8215345170195275,0.5680073592264201,2021-01-25,cloudy,50.66154262048287
0.1565065379653756,0.23218103620027578,0.06326199420033171,2021-01-25,rainy,95.43784759264057
0.3903649435086224,1.5885306910975325,0.24316821540249173,2021-01-25,rainy,121.79813574902032
-1.4108233133803365,0.1649127292546986,0.4050802731844854,2021-01-25,sunny,-40.386436064670896
1.734572174923709,-1.0982894313247467,-0.6210826977013774,2021-01-25,cloudy,47.902063365511346
-0.6834397667886818,0.36754489602226903,-1.4617326882614081,2021-01-26,rainy,-205.497348763018
-2.0473236130579617,-1.2266216593966155,1.0304382674156047,2021-01-26,sunny,-64.95516097273588
-0.20289684076666706,-0.1098827793093138,-0.18224478378994294,2021-01-26,cloudy,16.659598840366485
-0.9191134448699437,0.19275384906521617,0.02135122384354861,2021-01-26,cloudy,-24.275278436143132
-0.40435221962399975,-0.7352957182829736,-1.099970807569307,2021-01-26,sunny,-25.0575960275508
1.7975393871259047,-0.35687152802559846,-1.723228250716323,2021-01-26,cloudy,-4.801167606811298
-0.22342611219469602,2.4643219335153654,0.3424273512868276,2021-01-26,cloudy,20.123991559304095
-1.962732009140752,1.584820527349018,-0.8963697225521802,2021-01-26,sunny,-216.14368956919645
0.04613505895568493,-0.9583744802265615,-1.7119701640942213,2021-01-26,sunny,-65.97818748029783
0.45615303582705535,-0.3575790319685979,1.1997361764150378,2021-01-26,sunny,122.7089743398441
0.7694301781773039,0.33053274323491577,-0.16221844757669085,2021-01-26,sunny,25.693530169212707
-1.9986394755833727,-1.1460004265074433,-0.289005210954233,2021-01-27,sunny,-176.13809452478793
-1.3467175057975553,0.6937731526901325,-1.3342584714027534,2021-01-27,sunny,-160.18342194852164
1.7746585609733332,-0.39315319475411287,-0.4080147090398969,2021-01-27,cloudy,72.02217569695817
0.7335948682293696,2.0118642631265615,0.3030110504561574,2021-01-27,cloudy,25.16546043309004
-0.6579260925367952,0.9688826385630508,0.7966721083646714,2021-01-27,cloudy,45.37877948292809
0.2238435633129107,0.32962298212773805,0.4047618120404975,2021-01-27,cloudy,90.59606233690667
0.37923553353558676,-0.4700328827008748,0.3517801106813583,2021-01-27,sunny,-5.159939976499729
0.05616534222974544,-1.1651498407833565,-0.31155253212737266,2021-01-27,sunny,-39.07445600215058
-0.5963140384505081,-0.05256729626954629,-0.5068163542986875,2021-01-27,sunny,-28.86968009753965
-1.2928569097234486,0.26705086934918293,1.5430145954067358,2021-01-27,cloudy,31.268521815527777
0.8811310970996323,1.0329891945199456,1.1277836301278024,2021-01-27,sunny,116.59880632549154
0.4160996344158233,-0.20090753320092672,-1.2024753082044328,2021-01-28,rainy,-46.20480631708773
0.05549222544380277,1.484925598699954,1.4558079518368434,2021-01-28,sunny,89.77614901007657
-0.40123470991118243,-0.8000824760846013,-0.9872866934576524,2021-01-28,sunny,-79.865626312801
0.89896739458806,0.5108748218924175,-0.4870914317118235,2021-01-28,cloudy,66.74544857133726
-0.010056471869014538,1.2380069359584398,0.7574683300614039,2021-01-28,sunny,127.7888057591858
-1.6196845653727006,0.5726270172050857,-0.9741674350429901,2021-01-28,sunny,-148.93968918504916
0.46637957438197886,-0.09439250641118496,-0.47728627040322935,2021-01-28,sunny,45.05518636509457
-1.6615982911145637,0.44819528442331247,0.7726948371023817,2021-01-28,cloudy,-75.94211388729937
1.499491490138763,0.10583464361677868,-0.5541312470844857,2021-01-28,sunny,76.80254336231876
0.16667349537252904,0.6350314368921064,0.4393917012645369,2021-01-28,sunny,9.616101286133595
-0.5098432421384791,0.32486961579618606,1.3709890062911214,2021-01-28,sunny,122.45670906130138
-1.3651628772251687,1.9470986428203578,0.8756956787795067,2021-01-28,cloudy,0.5414022744360238
-1.607676579043177,0.4561636113551334,1.0805441270254872,2021-01-29,rainy,-71.08372470264885
-2.201441285500558,0.1993001968964652,-0.46886418796679563,2021-01-29,cloudy,-173.3007303072857
1.454035748839167,-0.25686969733191695,-0.780279868390064,2021-01-29,sunny,23.874935401603068
-1.0331647752913673,0.10233584683421988,-2.1481184782308977,2021-01-29,cloudy,-129.32489699251522
-0.4015706755129159,0.5620131059141816,-0.09126701972617592,2021-01-29,cloudy,19.95952984705096
0.41060179132004765,0.4809698500346235,0.81547196924006,2021-01-29,sunny,70.32496451128301
0.8576619101224521,-0.11059050280820729,-0.2562326979954389,2021-01-29,cloudy,-4.69492114667711
-0.8907291830614958,,-0.17713738331532355,2021-01-29,sunny,-47.686568567851566
-0.38464542314251776,-0.4438360931551978,1.5182611703557054,2021-01-29,sunny,16.573552479775287
-0.8721583977708226,1.1767869623838638,0.4655891908949305,2021-01-29,rainy,-27.8924387789148
0.6430545453392927,0.5882249291179367,0.04402227617534797,2021-01-29,sunny,-11.23295562255349
0.6380240334954549,0.34002459825965264,0.7930070706974274,2021-01-30,cloudy,-1.1941229409535197
0.555786964082873,0.010349314566299353,-0.7657021944780863,2021-01-30,sunny,48.41584094947261
0.45093446180591484,-0.6840108977372166,-1.7558905834377194,2021-01-30,sunny,-60.298420001328566
0.8809375610809715,1.8081318105789754,-2.994612860227619,2021-01-30,sunny,-104.93135646430838
-0.034475046088398256,0.07267789910378988,-0.9333162402269223,2021-01-30,cloudy,-97.2300286576795
0.052165079260974405,-0.7395629963913133,-1.1043833394284506,2021-01-30,sunny,-125.8382835798796
0.40520408032288807,0.4980524046828567,0.9409176145751134,2021-01-30,cloudy,56.014934297361314
-0.014857703354702717,0.8214059370248112,1.6961815728281606,2021-01-30,sunny,169.72250608687727
0.24099673204512106,-0.9723179180265172,1.2598753315170155,2021-01-30,sunny,175.42782790244064
-1.0299352833089765,-0.34994336458910474,0.2205076557571733,2021-01-30,cloudy,-46.84149742244695
0.599369372522297,-0.2563168936896428,0.21301716742988736,2021-01-30,sunny,162.67942828344212
0.9304084961111163,-0.17531640232701995,0.47224715008784873,2021-01-31,rainy,54.755784264604884
1.2834550362665254,0.5979464913921806,,,rainy,116.84018936115002
0.7644974530335336,-0.2683727352093812,-1.1711604614500803,2021-01-31,rainy,-3.1155106179846612
0.15919176666881152,-0.9880966879686112,1.0374447967309102,2021-01-31,cloudy,55.9902502091213
1.8831506970562544,-1.3477590611424464,0.40198936344470165,2021-01-31,cloudy,184.60579846699846
1.0061070670975472,-0.04404489737594127,-1.5620143418292662,2021-01-31,sunny,-53.938537800998944
1.5570100415321602,0.8840271974263262,0.5880377487398128,2021-01-31,sunny,190.3924057027251
1.8334353618156785,0.35570351572398445,0.14180663915345446,2021-01-31,rainy,150.01268587794075
0.3791517355550818,2.259308950690852,-0.017020413861440594,2021-01-31,sunny,-10.299184918093989
-0.6555450294843581,0.06751685717432486,0.11255753090645429,2021-01-31,sunny,-52.43562770776421
-0.4957954945452093,1.2165777137429403,0.06606026178649259,2021-01-31,rainy,5.435022753603853
2.2436018945826404,-1.4227949086263427,-1.5824944779817585,2021-02-01,rainy,120.62616292344629
0.24614778868484416,0.8635196583813146,0.5289436184165822,2021-02-01,sunny,59.72759294306423
1.2228774470534098,-2.0865100288551877,-1.2557748817415015,2021-02-01,cloudy,-7.630690871818977
-0.6945678597313655,-0.14963454032767076,1.3263858966870303,2021-02-01,cloudy,44.08076482305071
-0.2566501354804808,-0.0384766582389533,0.6559244113725019,2021-02-01,cloudy,16.85614201206284
-0.9444462559182504,-0.41004969320254847,-0.46641909673594306,2021-02-01,sunny,-119.27057436063
-0.20697447492366403,-0.5633093592639145,0.6966506543362647,2021-02-01,sunny,0.8430237105046423
-0.11510746848722672,0.4574156062209908,0.8758327615873309,2021-02-01,cloudy,19.87348192348841
-0.5327027919795545,1.0907497344345,-1.7776669547337063,2021-02-01,rainy,-81.65464035953809
0.42262862170882565,-1.3597807255038137,0.5290452383344316,2021-02-01,sunny,61.544077236945846
0.0008999266711071547,-1.5422881507996786,,2021-02-01,cloudy,-20.83478908235886
-0.8859664820409529,0.40088567910412115,1.279812020628022,2021-02-02,rainy,-23.132958979450727
-0.3156031233858582,,-1.040599230085145,2021-02-02,cloudy,-27.105757826872946
-1.7974558043668976,-1.0634329381546068,2.211304333239493,2021-02-02,sunny,-25.150633899206667
-0.1341327827684201,1.2213849594591983,-0.16975829390248548,2021-02-02,sunny,-63.65938127476077
0.16155926723816796,1.5634047450289295,1.67398570701071,2021-02-02,sunny,139.71076730392465
1.2605688450421493,-0.10039350340136602,0.5319746390071913,2021-02-02,cloudy,66.25418994462228
0.03183055827435118,-0.635846078378881,-0.6743326606573761,2021-02-02,cloudy,-75.57689340254151
-0.8602624519575188,0.3283012950007554,-1.0481704068254731,2021-02-02,sunny,-121.44318912738302
0.18877859679382855,0.5238910238342056,-1.936279805846507,2021-02-02,cloudy,-101.5868357575867
-0.7731925102234387,-1.4899330082214923,-0.7243113192311228,2021-02-02,cloudy,-149.7341686555185
0.8375479141463265,1.9608808125139106,-0.8991129384265388,2021-02-02,sunny,44.236533161947605
0.9719702938655755,-1.1932578334740391,-0.590757152909962,2021-02-03,sunny,41.34756562320946
-1.4449401990733717,-1.2105429941233516,1.0819352184772653,2021-02-03,cloudy,-38.035146520513806
0.19939707280548574,1.9457613913063267,-0.3795541206458599,2021-02-03,cloudy,-38.47675357288481
0.9901213838791937,-1.3647582300824324,-0.8391294028422137,2021-02-03,sunny,68.91400068642552
-0.9880019424937344,-1.1776289624826308,-0.10434349149469264,2021-02-03,cloudy,-153.14808395119644
-1.82425665593783,0.3036039044620014,0.7200337593416528,2021-02-03,rainy,-87.63889324608336
-1.0506538365874896,-0.3059525750983919,-0.09900831128407737,2021-02-03,sunny,-42.02991071086784
0.19506969715138117,-1.7815628557055914,-0.044595426455857026,2021-02-03,cloudy,97.79739937044916
0.43163385281122324,0.5769345970532244,-0.05010745879029284,2021-02-03,rainy,37.50176699803083
0.9364457258311158,-0.03509517686967038,2.1321534105704436,2021-02-03,rainy,166.3354540547592
1.4226047489690348,1.9612269893650154,0.9659361184597012,2021-02-03,sunny,171.38784113621762
-1.6659560767977184,1.626649562301582,1.914229697062814,2021-02-04,sunny,-42.42389181504205
1.0946383747120914,0.2348215259487319,-0.7886692545093662,2021-02-04,cloudy,49.71530735736603
-0.960504381633148,-0.7931173627076716,2.4124536795437486,2021-02-04,sunny,92.74952496816485
-0.07785475594085076,0.38273243001226814,-1.0180418752873648,2021-02-04,cloudy,-129.76537806030217
1.5470314969908445,-0.06028753363911904,0.2125870464375366,2021-02-04,sunny,138.0412264854599
-0.048344623779819615,-0.6081012569516899,1.3291412827455533,2021-02-04,rainy,47.54422975524558
1.821915097860406,-0.07565047058842289,-0.13043973378332732,2021-02-04,cloudy,166.52280662346476
0.07826017516166135,-0.39522898265435435,0.8005648034309968,2021-02-04,rainy,58.60556171299764
0.08658318016541909,1.4192550459109512,-0.196233964943542,2021-02-04,sunny,30.376724147449238
1.5363770542457977,0.28634368889227957,-0.6920498477843912,2021-02-04,rainy,132.1752594118821
-0.7047002758562337,0.9432607249694948,2.2567234972982093,2021-02-04,sunny,108.12626194428375
-0.4535531009087746,-0.9916283583780207,-0.4174294563419882,2021-02-05,sunny,-29.5264024517121
0.8444543066045863,,-1.5844735631509355,2021-02-05,sunny,-72.81836544480433
0.024612125247911617,0.7199837301431654,0.7231004937377982,2021-02-05,cloudy,32.20173017279234
-1.3751844793172407,0.5009922321799466,-2.53455446208423,2021-02-05,cloudy,-294.2126561423485
1.9050636405600176,-0.014777219659844777,0.9921368285185058,2021-02-05,sunny,237.30539880004662
0.1508182063325938,-0.2554707861877694,0.5456573234700275,2021-02-05,sunny,-1.9601094532554484
-0.5480871874725356,1.6531498325653209,-0.6890484294179713,2021-02-05,sunny,-52.37235428987378
-0.20828510309499634,1.5743712374755716,1.8022422297905472,2021-02-05,sunny,66.84551257516208
1.0791947281124892,-2.004215715498915,-0.02342310502145217,2021-02-05,sunny,52.75052262246528
1.4940790731576061,-0.20515826376580087,0.33367432737426683,2021-02-05,cloudy,132.5076588295723
-0.463996423330844,-0.17724661618939888,-0.9505179454445303,2021-02-05,cloudy,-86.60891551482484
-0.9389815726777853,1.0170209914132446,0.3930629339800916,2021-02-06,cloudy,-10.110198380936907
-0.3646935443916854,0.15670385527236397,-0.2803554951845091,2021-02-06,sunny,-48.02781202027321
-0.8589199078076716,0.050954277011289496,-0.2224770102429203,2021-02-06,,-64.367563680538
-0.42870206558582885,-0.6378405564735843,1.4622141707804195,2021-02-06,sunny,27.95071123487469
1.7549861537420586,-0.13298842230959199,-1.1401963009349616,2021-02-06,rainy,124.61517208889698
-0.06174330145790107,-0.4468362536626212,1.5480668013787386,2021-02-06,cloudy,136.75884604551496
-1.1265894258719975,-0.953804420272564,1.2098372221840976,2021-02-06,sunny,-17.813051640188892
1.7133427216493666,-0.7447548220484399,-0.06824160532463124,2021-02-06,sunny,80.84121771438818
-1.4513384981910251,0.02185735821987137,-0.9228233149968279,2021-02-06,sunny,-162.52274512285385
0.565267202536451,-1.7997711814667445,1.4977150273195634,2021-02-06,cloudy,145.27918644164302
0.852829768274368,0.6695623405090826,-0.6354304386192672,2021-02-06,sunny,-8.416080995737282
-0.44816536268070806,-0.6493379277303881,0.09789614541262709,2021-02-06,rainy,-89.52410587998484
0.7316589270303925,-0.06548837514448298,-0.0902438496657506,2021-02-07,rainy,101.48751147875186
-0.500409667304264,0.25280350541915453,-1.1949868052686603,2021-02-07,sunny,-69.82467518597669
-0.03890530666380676,-0.04459939272557343,0.7271748700204365,2021-02-07,rainy,13.013169462357006
0.4814814737734622,-1.5407970144446248,-0.4635959746460942,2021-02-07,rainy,-8.862554196485462
1.0339569868127836,1.9093426255571087,0.3036564735262783,2021-02-07,sunny,27.520739300026946
-0.9562584224322828,0.16586352265353732,-0.5319938094111618,2021-02-07,cloudy,-92.4102123377916
0.2587975673406087,1.0402389642495586,0.6422109433294259,2021-02-07,cloudy,126.19404394818109
-0.49610233398256237,-0.07480498268034107,0.8299861590811032,2021-02-07,sunny,51.4066512290461
0.14410648512323182,0.23345807966231802,0.7920414984229742,2021-02-07,cloudy,3.641880049069634
0.9361291483110824,0.6783800988404703,1.4261587520192662,2021-02-07,sunny,90.46968668102222
-0.913594509977107,0.8097407308144474,0.3759274257674802,2021-02-07,rainy,-71.88607275192669
-0.5053583172644099,-0.8157915419939713,0.587259379399826,2021-02-08,cloudy,27.003884014435496
-0.10128148621739935,-0.8031413873416283,1.327782695957983,2021-02-08,cloudy,119.74360609070315
-0.21416665620008424,-0.4990166379941829,1.8495912466796365,2021-02-08,sunny,139.1306564699284
-0.9906709306271492,-1.002668587369791,2.1982963386704926,2021-02-08,sunny,31.962215563046087
0.251484415021537,-2.01640662779976,-2.2886200400145285,2021-02-08,cloudy,-83.77859215828143
0.8568306119026912,-0.6510255933001469,0.3187276529430212,2021-02-08,cloudy,88.8303648799381
-0.3781780468929897,0.8528890972688773,-0.5870162885051485,2021-02-08,cloudy,-81.94727281016986
-0.3193284171450952,0.6915387510701866,0.14195316332077967,2021-02-08,cloudy,-15.332030761769756
2.0347625440211536,1.0541779089389227,-0.3386821854453976,2021-02-08,sunny,64.29185848194395
-0.524939422913999,0.27441699528200864,1.9013400518481125,2021-02-08,rainy,50.4719231751552
0.7747283190671621,-1.8081439264982515,-0.5109261812322631,2021-02-08,cloudy,23.335714190494123
1.336527949436392,-0.3691818379424436,2.16323594928069,2021-02-09,rainy,270.6679618660577
1.1363880775397395,0.6716165720359097,0.5858508058179356,2021-02-09,cloudy,110.87171824019707
-1.595777611441314,-0.13022316646672621,-1.0007604902487501,,sunny,-134.5501185616087
0.553132064207584,-0.045703960660234855,1.5133280825732052,2021-02-09,rainy,126.79225154916583
1.183119557331707,0.7188971655282916,1.4969109935208271,2021-02-09,sunny,234.34534008437166
0.15647625694629896,-0.2163439782957261,1.4148741359224224,2021-02-09,sunny,-14.852420673241525
0.41704350296760356,0.6878813911747546,-1.2037351921997794,2021-02-09,sunny,-87.75517835917736
-1.2140774030941206,-0.4409226322925914,-0.6878376110286823,2021-02-09,sunny,-172.34399077338531
-0.2712073398901639,-1.3171747888057943,-0.021869908789079875,2021-02-09,rainy,7.262722835775868
1.4013448312919596,-0.4103817936578706,0.24444345596163258,2021-02-09,sunny,121.52236655727351
0.6041367404426842,-1.6295836027484383,-1.846531981664673,2021-02-09,sunny,-105.66408708634381
0.6252314510271875,-1.6020576556067476,-2.2234031522244266,2021-02-10,cloudy,-131.9018707906281
-0.53913263675299,-0.7496903447028966,0.7557402888945426,2021-02-10,sunny,-18.40919655110818
-2.1150560151878075,1.4053654387244203,1.9223247554443985,2021-02-10,sunny,-55.78840941500087
1.8004627624602276,-1.1951037734634757,0.9266047683086054,2021-02-10,rainy,212.23967660616327
-0.5286706589354886,-0.10800383678095793,0.4563633634807854,2021-02-10,sunny,49.23360659532912
0.3178850972381816,0.43480795773115793,0.5342011708457715,2021-02-10,cloudy,80.93754529082426
-0.7303570955579599,-0.7623615367276093,0.9687443931111454,2021-02-10,rainy,67.48330260249838
-0.8215498256031326,-1.5482543228490424,-1.0060368579203915,2021-02-10,cloudy,-136.5748857569836
0.17233913922918878,-1.649216974417132,-0.832186034150062,2021-02-10,rainy,-103.56001850621286
-0.7537044661806008,0.13768982590334733,-0.5189002044248521,2021-02-10,sunny,-35.619703658956865
-0.2918373627478628,-0.7614922118116233,-1.6164741886510325,2021-02-10,sunny,-139.92593598424327
0.47043314484648185,0.3114470715541555,-0.32566946882017417,2021-02-11,sunny,8.768032525076073
0.21149701273187801,-0.7049213525074449,1.265077838088766,2021-02-11,cloudy,47.70390645032708
0.19655740072878491,0.3547576931132181,-0.7290446587946957,2021-02-11,rainy,5.805835341500089
0.6500845143723144,,-2.157356373494461,2021-02-11,sunny,-110.25587036361136
0.8805111991771105,-0.45408036251560513,0.19145087202391178,2021-02-11,cloudy,75.68264996387133
0.6663545422501889,0.8261257084311929,1.2266639737874803,2021-02-11,cloudy,150.0944515515891
0.681594518281627,-0.8034096641738411,-1.0342428417844647,2021-02-11,rainy,-24.17576672206956
-0.9994300165615205,0.7938803623083801,-0.3424921902504429,2021-02-11,sunny,-86.94367089154788
0.31716062629268876,0.5200406145708678,-2.3205942757907416,2021-02-11,rainy,-101.3398383112967
0.5407735853003902,-1.8180776303835695,0.20147994670443287,2021-02-11,cloudy,66.21848628146373
-0.5895799225452156,-2.1789315201949093,-0.9768953867353252,2021-02-11,sunny,-12.663553724740567
0.144043571160878,1.454273506962975,0.41059850193837233,2021-02-12,sunny,18.673909743106297
0.46675065041843516,0.16110632224167845,-1.3032200826784146,2021-02-12,cloudy,-74.29955707612996
0.09920486253150243,1.5762989726277177,-0.5375833685580619,2021-02-12,sunny,-47.44384606295843
-1.0677420110191065,1.761266127419863,-1.3730425509508952,2021-02-12,sunny,-187.26099485850517
0.5746089172925728,-0.48982821884726685,-0.5762418162269032,2021-02-12,cloudy,4.302080885324609
-0.14244541750936937,-0.2003534800049874,0.5383296032761768,2021-02-12,cloudy,-18.00232586252571
2.320799839280298,0.11709087215544195,-1.0985707275553296,2021-02-12,cloudy,82.6592137044127
1.7123052213432965,-0.79211502056515,-1.0974966547702447,2021-02-12,sunny,41.93425541925225
1.2520019827530313,-1.1446926312425976,1.3841867245808201,2021-02-12,cloudy,123.18030145396811
0.043995511443988784,-0.31746221716007195,-0.6992152790869743,2021-02-12,sunny,-5.9494846811254085
0.6663830820319143,-0.4607197873885533,-0.6801782039968504,2021-02-12,rainy,-64.09573884721598
-0.9651066080644173,0.6795678657650824,1.4198639721964357,2021-02-13,rainy,20.358776245327277
-0.05525899572965248,-1.5003283759785706,0.886293194621468,2021-02-13,sunny,50.08195603211278
1.3426220105103532,-0.7399358529652597,0.02862050418778282,2021-02-13,rainy,84.97421136671827
-0.8612155533986415,-0.5095951329463574,0.5726133530407902,2021-02-13,cloudy,-116.09963911883943
0.2522707806121254,2.2856011815280666,0.8755091531413832,2021-02-13,sunny,77.61928775436937
0.44971210023199254,-0.06727560892298173,0.2256086544711038,2021-02-13,sunny,91.16367575841238
1.0450233755026905,0.5990395263761841,0.2711127964467149,2021-02-13,sunny,100.67260665599883
1.9887319185953911,1.1172834656881903,0.19898949440518773,2021-02-13,sunny,197.98783722076288
-1.631219507653533,-0.3014723148616932,-0.860509747109608,2021-02-13,sunny,-198.44937293567568
-0.3994490292628752,0.37005588784751875,0.5829536797532936,2021-02-13,sunny,-6.1730636755571044
-0.6701258977272965,-0.06036249439233865,0.5541275783267697,2021-02-13,cloudy,9.17356054040431
-0.6343220936809636,-0.3627411659871381,0.3024718977397814,2021-02-14,sunny,-34.73780482769981
-0.2721317560182082,0.28479059913436316,0.8864915393596159,2021-02-14,,46.70357916865216
-1.4166034824256406,-2.802202798391713,1.660607559894514,2021-02-14,rainy,-13.304568368206745
-0.7917565156434644,-0.26800978339811193,-1.3629409472080096,2021-02-14,cloudy,-102.04949647560586
-2.7396771671895563,-0.5693120534701851,0.9430460873225178,2021-02-14,cloudy,-160.23255434875762
-0.1513572082976979,-0.10321885179355784,0.9500884175255894,2021-02-14,cloudy,-4.174111473683297
0.1387452512901793,-1.274319367734417,0.8366359871577495,2021-02-14,cloudy,56.056164093744464
0.07912172392953508,0.8505306835234382,-0.045113303693334814,2021-02-14,cloudy,-69.48415173286892
-0.400986157896401,-0.9711706648243907,0.46079432770125556,2021-02-14,sunny,-6.127483039670702
-0.4513030371025261,0.2656879749662359,-1.5669947108616025,2021-02-14,cloudy,-125.35647220072183
0.46566243973045984,-1.5362436862772237,0.9008264869541871,2021-02-14,cloudy,105.34294251233689
-0.11610393903436653,-2.0306844677814944,0.49374177734918845,2021-02-15,rainy,-4.775773641146557
-0.07311964594819724,-1.2973796559567399,-0.521641509970619,2021-02-15,cloudy,16.748244150347105
-1.6923704374741084,0.7293463462804262,-0.5789181399432078,2021-02-15,sunny,-170.4054509851103
-0.37412632026430587,-0.01345146935738968,0.15217697558826634,2021-02-15,sunny,-98.43162040811154
-1.6480462063661798,0.29871365999200894,1.6857923026593036,2021-02-15,sunny,-11.3189996719564
1.3363861823227936,-0.12004112209610802,-0.496608209729517,2021-02-15,sunny,112.82827704814827
1.5190032799361455,0.7837444936747278,0.10665229450303212,2021-02-15,sunny,143.10235160935883
1.344074374673427,0.5000166958573026,-0.011135627340667108,2021-02-15,sunny,143.12072342594982
-0.7038590359904466,-0.7707843007065652,-0.08081161294374097,2021-02-15,cloudy,-79.4574826977491
-0.55512634549445,-0.1724823171069609,0.891364106352944,2021-02-15,sunny,113.53411341740167
-0.8791606288350748,-0.23110160759299653,0.05182038948242156,2021-02-15,sunny,-95.3086763322921
-1.0799315083634233,-1.1474686524111024,1.126635922106507,2021-02-15,sunny,-41.928149718967035
-0.3948495140334503,-0.26773353689396645,-0.19065349358139935,2021-02-16,sunny,-117.91624391431338
1.021790585588673,-0.5525406734167292,-0.46433769143549164,2021-02-16,rainy,-9.882812939197343
-0.4668455460527625,-1.4169061131262595,0.26990435494076137,2021-02-16,sunny,-54.73906700976428
0.43310795315134365,-0.4059417271884834,-0.9378802311514517,2021-02-16,cloudy,-27.136555702855087
0.9853175089398669,0.766919669661199,1.0653154920979948,2021-02-16,sunny,151.10551611344493
-0.44791483841554025,-0.19871506167079867,-0.20433893690304725,2021-02-16,cloudy,-16.346336635937682
-1.857483271594538,0.3825981367234629,0.7301835311296144,2021-02-16,cloudy,-140.1246278071389
-0.03191107563414087,-0.17360823571938175,0.6772459164163702,2021-02-16,rainy,56.64571590883152
-0.41361898075974735,-0.7474548114407578,1.9436211856492926,2021-02-16,sunny,35.891802935749595
-0.2125230447703092,-0.7621145119224981,0.05989468311627605,2021-02-16,sunny,-7.067710043001131
-1.1791579306376878,1.3014280716647608,-1.567767724308454,2021-02-16,sunny,-204.8298713595384
-2.0182818683542165,-0.9131215375688202,-0.5053407218978849,2021-02-17,rainy,-217.66712685696555
-0.3090129690471222,-1.6760038063299767,-0.2977908794017283,2021-02-17,rainy,-100.31057084072245
-2.437564359199356,1.11492455949028,0.3351056201959989,2021-02-17,rainy,-233.75235721497017
-1.1848874445717696,-1.805251688630421,1.061600170035261,2021-02-17,rainy,-5.596058260169052
0.5049699814628403,1.7236962756672618,-0.12364962589203071,2021-02-17,sunny,64.18485994852955
0.5310425069780597,0.23914558065378702,0.2066905117080033,2021-02-17,sunny,52.704660560460724
-0.7263658321861022,-0.17245859668145705,1.0044191922616248,2021-02-17,cloudy,-1.551200731663707
0.08584310534245199,-0.4939267070859207,0.5122667268259818,2021-02-17,cloudy,65.7542219869183
-0.4832495424791074,0.002571182431510025,0.4113342428976086,2021-02-17,cloudy,-33.500393829172204
-0.09211211469195592,1.3554427025944182,0.03126754702756948,2021-02-17,rainy,4.904130393680983
0.21839707312993703,-0.34419645646738123,0.442846113746739,2021-02-17,sunny,59.77594718544577
1.6002678187487591,-0.1888347802177838,,2021-02-18,sunny,196.53894923935212
-0.44876701310549916,-1.7441877565539552,-0.7214312955717558,2021-02-18,cloudy,-83.6275052941166
0.2050866252318538,1.1615338035591172,0.3822027877852936,2021-02-18,sunny,21.305288073200796
1.0810559440870733,1.5723303175352248,0.9287419248069415,2021-02-18,cloudy,75.38866516355347
0.4820806086722011,-0.05488818475438849,-0.8998864767434843,2021-02-18,sunny,-9.195056876288024
-1.9536785626194064,0.2957790885068872,-1.3897810188962068,2021-02-18,cloudy,-169.52113315319568
-0.5986539369229861,-1.1158969859603944,0.852551939461232,2021-02-18,sunny,-44.04000491036816
-0.13580984264368653,1.0222103545858243,-0.8886452830916367,2021-02-18,cloudy,-102.40868745633095
0.4554199909368095,0.22290581962427333,-0.1285875503163606,2021-02-18,cloudy,50.6435704773678
-1.4059629162678993,-0.5900576458695397,0.23810314783231212,2021-02-18,cloudy,-191.81607606224358
-0.16325494883317873,-0.08645528271104713,0.9494055237932187,2021-02-18,sunny,46.23093561804166
-0.7999136231406647,-0.2200757798203556,-0.05992800267109062,2021-02-19,rainy,-74.8339355204203
-0.4164990824366925,-0.27682299477388833,0.9600477411499279,2021-02-19,cloudy,-7.553149303587254
0.16392857245258663,0.09632135592119682,-0.6319037580051673,2021-02-19,sunny,-37.848843771375456
-0.6844015561404262,-0.7112857556104383,-0.8746625219888452,2021-02-19,cloudy,-98.7626569832237
0.6021634895760638,0.8732730483007036,0.19785330956715308,2021-02-19,sunny,57.099199577460546
-0.9898225495471192,0.6436312754533384,0.3711725526490392,2021-02-19,sunny,-81.06968284239848
0.5769558933986538,-1.1076469009010301,0.4961794122883805,2021-02-19,rainy,51.81761866792631
-0.8096265760401127,0.8733118360704122,0.8591041927855306,2021-02-19,sunny,-23.844252846907622
-0.015779217120995174,-0.4917301080135276,-0.7083850523381071,2021-02-19,rainy,6.469783116474716
-1.2663426769629542,-0.06149476428488614,0.522557601998812,2021-02-19,cloudy,-24.397753819734476
0.40053068459870617,-0.857702623046894,1.1036939574621503,2021-02-19,rainy,146.916934871731
-1.1504377698185095,-0.836111379500769,-1.0219133244269283,2021-02-20,rainy,-143.6985323615925
-1.6169560443108344,-0.024326124398935636,0.640131526097592,2021-02-20,sunny,-118.47193261301663
0.9361075501096976,0.8091802968531627,-0.48024903499492544,2021-02-20,sunny,57.08165255335126
1.1022825645880243,-0.6970730723601831,0.7899049417854931,2021-02-20,rainy,116.16532106061103
0.19272899649972683,0.6964386733914393,0.436638474629293,2021-02-20,rainy,-42.47476552647417
-1.3749512934180188,-0.6436184028328905,-0.35399391125348395,2021-02-20,sunny,-169.5554322997008
-0.03529673960291556,0.24120396421895252,-1.1169495537467236,2021-02-20,sunny,-114.8701581246634
-0.5175190425104033,-0.9788298593587699,-0.050603540961665895,2021-02-20,cloudy,-52.190481369135945
1.17782950470566,-2.3051668550435207,-1.0357477261952128,2021-02-20,sunny,40.795402158810425
-0.16137353627777917,1.7944488052250736,-0.3981481287500751,2021-02-20,sunny,0.1362734338822591
1.7108365825466556,,-0.6264902231490875,2021-02-20,sunny,95.93870797175293
3.1709747732901796,0.18949963754791346,1.0490931879200103,2021-02-21,sunny,319.0591992451282
-1.2527953600499262,0.7774903558319101,-0.4380743016111864,2021-02-21,cloudy,-117.45136022446347
0.40713033108324814,-0.6285575802445897,-1.1046901472056094,2021-02-21,cloudy,-12.283599213472915
-0.11747454641811148,0.46616642603403075,-0.6872990371566635,2021-02-21,,-5.160324470829131
-1.3109703704412123,-1.5329210534301279,-1.1419014192038466,2021-02-21,rainy,-215.94096696844386
1.2023798487844113,-0.3873268174079523,1.2302906807277207,2021-02-21,sunny,100.23755904042608
0.6993804835878171,-1.0612222874459092,-0.8781903428100731,2021-02-21,rainy,21.440809114075066
-0.19928005491459203,0.6693924713925414,0.4139136701102331,2021-02-21,cloudy,-19.4342474007871
0.555962679709798,0.8924738873315303,-0.35811407547985674,2021-02-21,cloudy,75.62403323465989
0.4968931448384696,-0.665041618158691,0.52162522724034,2021-02-21,cloudy,63.48351983743736
0.042779719883566894,0.501799753807639,1.4867824740856308,2021-02-21,sunny,86.79962573364095
-0.0285288698344164,-0.32473026508296,-0.30937759288336136,2021-02-22,sunny,32.31570482206624
1.2591671296108138,0.7041110221415822,-0.06205312579833403,2021-02-22,cloudy,74.64627582075869
-1.0930615087305058,-1.4912575927056055,0.3960067126616453,2021-02-22,sunny,-60.777562091890644
1.6085221559487237,-0.5615787496032209,-0.9526449528153877,2021-02-22,sunny,127.19938197024572
-0.7826291558275251,-0.11038929902688775,-0.9646120137337284,2021-02-22,cloudy,-136.95612725047178
-1.2012015190173893,0.5232617386880769,-0.7554627263656334,2021-02-22,sunny,-163.18077103729746
-2.262243635243806,-1.3227331195217957,-0.4292238995721983,2021-02-22,sunny,-217.80580282264776
-0.2127402802139687,-0.8954665611936756,-1.6138978475579515,2021-02-22,rainy,-75.91473406364362
0.8220763567971378,-0.21321523687182103,0.6639650755262219,2021-02-22,cloudy,124.93790784901275
-0.15277442354540868,-1.2986867221630902,0.35281660649437835,2021-02-22,sunny,7.559651684086601
-0.10730527629117469,-0.7196043885517929,-0.0616264020956474,2021-02-22,sunny,-56.95670491491974
-0.8795570973113842,-0.300006659011757,-0.33462160595412205,2021-02-23,sunny,-84.47296955812344
-1.1711903354341404,0.5917269751515682,-1.245658132865597,2021-02-23,sunny,-122.4659098026817
-0.33275876457522374,-0.2040078724765029,-1.2595961687997215,2021-02-23,cloudy,-138.05353442225396
0.4768983689222224,0.14844958138007808,-1.3414967255830426,2021-02-23,sunny,-103.5333825942995
-2.5790507451894746,-0.9375093861087292,0.7289298673852393,2021-02-23,sunny,-106.95399254535224
1.8571022697558597,0.4146742666092209,-0.1740068375080337,2021-02-23,cloudy,113.77541163710389
-0.22260568094832048,-0.9130792180417964,1.7426687806556311,2021-02-23,sunny,86.567818744404
0.040071456547775455,-0.32775491729641676,-2.0866349794205425,2021-02-23,cloudy,-51.21668972743713
-0.061638052172214755,,-1.4299912586854484,2021-02-23,rainy,-88.86729423928573
0.021062021342063624,0.09945445703071175,0.1725044164928659,2021-02-23,cloudy,17.950402033160945
0.41540062617112683,-1.0314824603152577,0.2843145189979445,2021-02-23,cloudy,-15.9830932774301
0.6450552734598769,1.011842432994189,-0.5324899192090677,2021-02-24,rainy,37.524515015467315
-0.3263184621583181,0.6027076564293296,0.5128364575927566,2021-02-24,cloudy,-15.614500350317382
1.4099521383961462,-1.3698595019529423,-1.8491307272754511,2021-02-24,cloudy,8.195525256720392
-1.2348258203536526,0.402341641177549,1.1394006845433007,2021-02-24,cloudy,-14.080082217550187
-0.3091144447717088,-0.23346666154369272,0.8002979493400275,2021-02-24,sunny,14.267176995283563
-1.2305460456453867,-0.5069066148368306,-0.7195738559179508,2021-02-24,cloudy,-75.16854328164466
0.8245572195642364,0.5311783665356953,0.04706609465849369,2021-02-24,rainy,99.25952269559608
-0.15730528828056567,0.27623985201997375,-0.0379070611841362,2021-02-24,cloudy,-74.66987921287173
-0.8358560674816213,-0.9420935888731159,-0.024549423642379036,2021-02-24,cloudy,-53.20871064608167
-1.2630683491022754,0.4524890926396464,-0.9327409107943778,2021-02-24,rainy,-147.5705678788707
-0.31665529505210693,0.5969064812479539,-0.40129780513351004,2021-02-24,cloudy,-0.8671672893381981
0.8165348797737704,0.0023851979152351623,-0.2833977744562524,2021-02-24,rainy,59.15378044441471
0.8202478373246812,0.4631303293186071,-1.0546284639850139,2021-02-25,sunny,41.80289596686446
1.8492637284793418,0.6722947570124355,-0.43515355172163744,2021-02-25,cloudy,121.95876082916838
-0.7663275989635832,1.2815113403641332,-1.3693911240471572,2021-02-25,sunny,-193.3247290080476
-1.5799305296711237,-2.832011869908987,-0.06366148878954943,2021-02-25,cloudy,-161.3015070405962
-0.47074249818272723,0.27279638953026414,0.1834502535815763,2021-02-25,cloudy,-19.65316094942508
-0.015005087031364805,-0.11341163064273396,-0.21143829084555663,2021-02-25,cloudy,-3.855293573392613
-0.25857263167677125,0.30833124595934525,1.5927707544174836,2021-02-25,sunny,6.41775899860113
-2.011880319244709,0.5897036055747239,-0.5937774477786675,2021-02-25,sunny,-204.20936314437287
-0.2789142751032398,1.4315677574492909,0.8179776072548057,2021-02-25,sunny,11.708255530237974
0.37501991982015326,-0.08234364679135212,-2.2636603010358085,2021-02-25,cloudy,-98.39981831912712
0.23986710589527857,0.15895867412564327,,2021-02-25,sunny,39.09722734692708
1.2674116548186567,0.49949823346865946,0.5249178636458827,2021-02-26,sunny,110.4667479144922
-0.80385040403152,-0.7742950804868045,-1.3003468322183391,2021-02-26,rainy,-138.5029481340431
-0.8889713580954499,0.242117960985123,-1.6812182154944335,2021-02-26,cloudy,-194.0546296933417
1.3185510180908366,-0.23929659114234414,-2.158068563961257,2021-02-26,sunny,-15.820561481258405
1.6481349322075596,0.16422775548733395,-1.4718350074635869,2021-02-26,sunny,28.020098655689008
-0.42920929664647733,1.3752254204468972,1.3141544338139488,2021-02-26,,29.72536885099305
-1.212515744488909,-0.08059851615012545,-0.19240420779590675,2021-02-26,sunny,-25.99713521280829
1.6819217400731377,-0.852585847170647,-0.667712720570559,2021-02-26,cloudy,46.6253511205427
-0.17482337161776695,0.6799440061159555,-1.4064596551036312,2021-02-26,sunny,-92.55754604873546
0.05517135478023174,0.2989774561190176,1.3978962610867354,2021-02-26,cloudy,94.99755727107585
0.8644361988595057,-0.7421650204064419,0.6536185954403606,2021-02-26,sunny,114.28296485794033
0.007617498318158107,0.886864686582761,0.8962484253561593,2021-02-27,sunny,96.1246032637793
-0.5102927396336285,0.18392549434030994,-0.38687084685064654,2021-02-27,cloudy,-39.8409172127336
-1.184686590411552,0.9606933984606597,-0.5215796779933731,2021-02-27,sunny,-85.63040175418453
-2.8345545052747023,2.1167910214836754,-0.6564636749715315,2021-02-27,cloudy,-129.95255962646036
-0.8540957393017248,-2.5529898158340787,0.31306770165090136,2021-02-27,rainy,-105.36834120469993
-0.47336092550247877,-0.20357067147347696,-1.77474481518865,2021-02-27,sunny,-61.608178017501785
-1.913742670861507,0.6635615765913815,,2021-02-27,cloudy,-75.49776841899275
-0.029856121636366265,-0.1181707843665918,0.9106456722299703,2021-02-27,cloudy,32.288211427139906
-1.4543656745987648,0.04575851730144607,2.2697546239876076,2021-02-27,sunny,37.10543641728755
-0.3979120985908414,0.7825788808419775,1.3985620921255355,2021-02-27,sunny,14.516252949144452
0.6433144650629279,-1.5706234086334527,0.49383677628095635,2021-02-27,sunny,80.02915624468599
0.4173188210318355,-0.9443684908242939,-1.550429345083481,2021-02-28,sunny,-115.31876429548633
-1.4059670811426284,1.1794199812026458,0.12955452054621897,2021-02-28,rainy,-153.76441022523025
0.5765908166149409,-0.20829875557799488,0.6764332949464997,2021-02-28,sunny,167.88697966842648
-0.5270916102240418,-0.5362701440867851,0.4727896560219311,2021-02-28,sunny,-88.44635929505192
0.28601252697811796,0.978567297446043,0.6103917643054128,2021-02-28,sunny,64.36912618812991
-0.3108861716984717,0.09740016626878341,0.08842208704466141,2021-02-28,sunny,-34.454499930401965
-0.14876615223367926,0.09600420496977001,0.9967596428198156,2021-02-28,sunny,72.92653203021374
2.759355114021582,-0.07466797825114957,0.4811151263888354,2021-02-28,cloudy,157.12339911805415
0.8927081528737002,-0.4736040569636581,-0.4533374321385169,2021-02-28,sunny,10.149905428923432
2.2320163895251777,-0.10497970101895356,0.0275097020298358,2021-02-28,sunny,159.07793620023003
0.917221542115856,-0.05704286766218815,-0.2934850548893775,2021-02-28,sunny,81.27572469981166
-1.4269376854269915,-0.9325702298970132,-0.4994167610220383,2021-03-01,sunny,-173.65075069495524
-0.39652373901631777,-0.8563028269952513,-0.9401565918724067,2021-03-01,sunny,-63.64076609795495
-0.05535254802238957,-0.26393734859268786,0.967446150050235,2021-03-01,cloudy,29.223185126401475
-1.1183119243216322,-0.13105401154141233,-0.8056265075393678,2021-03-01,sunny,-177.7227520405086
1.250569832543435,-0.2345380349087504,-1.0124571527438062,2021-03-01,sunny,13.596684441024362
0.31402569182060314,0.37287600885243755,-1.5405579718706937,2021-03-01,rainy,-83.94989662830584
0.4242526181008702,-0.8490728726936604,-0.22157439820400068,2021-03-01,sunny,60.69013433952241
0.663258089679174,-1.1046165975264708,0.34816923524180865,2021-03-01,sunny,-2.3634459581674605
-0.27177156649069667,0.21717963263828013,-0.12824197402770202,2021-03-01,sunny,-60.78296428803667
0.2258404786026901,-0.5494985463040403,0.9605572244572284,2021-03-01,sunny,132.83533469921235
0.3169426119248496,0.920858823780819,1.1880297923523018,2021-03-01,cloudy,47.947304163425876
0.5727513668572158,0.6775570335877171,-0.4310963375107571,2021-03-02,sunny,28.623351360059743
0.6265642507453606,-1.5579985281833963,0.03890870585621503,2021-03-02,cloudy,16.628497127749622
-1.188944955203736,0.7732529774025997,0.7471883342046318,2021-03-02,sunny,-21.263068873685466
-0.5139029502799155,-0.7688491596748099,0.9882405737426969,2021-03-02,cloudy,-29.11730648318565
-1.1802856063511906,1.012168295174788,-0.28044778146745414,2021-03-02,cloudy,-82.40544292960618
-0.13482245109435406,-0.5840935467949193,-1.62632193782683,2021-03-02,sunny,-87.53164197311281
0.9363985435524596,-0.5256405931019397,-0.8877801366359354,2021-03-02,rainy,90.17803581134433
-0.564317909682489,0.227345950143481,-0.6795930425441441,2021-03-02,cloudy,-18.992811709535758
-0.04648115603289032,-0.43355433273316757,0.4614688774411399,2021-03-02,rainy,15.063552127884263
-0.21653287184982842,-0.7842213825343839,-1.519974459585868,2021-03-02,cloudy,-148.24010470102843
0.8145198224878663,0.058925589181629955,0.35548179274376907,2021-03-02,sunny,46.78347981672525
-1.0513903986600646,0.24664895525244618,-0.10321275146170758,,rainy,-42.926068665390986
-1.6417032288097841,0.2756665493407744,-0.7308735859513859,2021-03-03,cloudy,-169.45007613731423
-0.46744100962590635,-0.8601533849246632,1.3071838450812574,2021-03-03,cloudy,56.49121153951089
1.1320051336773298,-0.5609810031317565,0.19383173692841307,2021-03-03,sunny,115.00466256821737
-0.4980324506923049,1.9295320538169858,-0.43782004474443403,2021-03-03,sunny,-82.10893734884115
-1.227636420410408,0.03812738409493465,-0.14268771207346503,2021-03-03,cloudy,-49.70990168202016
0.018627370661355457,1.0543249749040777,-1.5639046348397663,2021-03-03,cloudy,-85.60587345470456
-0.9179843060046156,-0.6518564999305905,0.2462227612764322,2021-03-03,rainy,-23.401350215181395
-1.4902653879072982,1.496139636951632,-0.8228283242942818,2021-03-03,sunny,-19.62866298610868
-0.06985649825618424,0.25011390688312557,0.2601329049387677,2021-03-03,sunny,-19.833299537651378
-0.45380404105200106,0.4032645401632468,-0.3702424407043429,2021-03-03,sunny,-109.93795128292687
1.068509399316009,-0.45338580385138766,1.6595507961898721,2021-03-04,sunny,161.51246267714097
1.0726360472588732,-1.1385678703154767,-0.14958950166699497,2021-03-04,cloudy,51.74518222355289
0.1339129226154759,-0.6126257388749357,0.10490716508551272,2021-03-04,cloudy,17.69103288453778
-1.1436413958418497,1.144553535284558,-0.18669092211460994,2021-03-04,rainy,-52.06468246075883
-2.659172237996741,0.6063195243593807,-1.1838806401933177,2021-03-04,cloudy,-295.6099309150574
-0.3416780975958806,0.024290914137780388,0.1841812647035463,2021-03-04,sunny,-80.81107609662912
2.451229719075076,-0.21120598363152,0.7086952731104266,2021-03-04,sunny,261.5124285363063
-0.5896977956993248,,0.8630171531510914,2021-03-04,sunny,23.160216744253127
-0.85172919725359,1.8227236001279594,0.1903115575939397,2021-03-04,cloudy,-17.896885996999394
-1.4464210639833286,-0.4523502755690917,-1.9585489551365387,2021-03-04,cloudy,-210.13750007006152
0.17742614225375283,-0.4017809362082619,-1.7262826023316769,2021-03-04,cloudy,-96.93324253065654
-0.3820254489503836,0.35950439957101016,-0.14357951171632055,2021-03-05,cloudy,-101.56410256032419
-0.11858662355009231,0.4883705904296574,0.8621480568842673,2021-03-05,sunny,42.46186550735106
-1.0272968770754625,0.3233565314802586,-1.012673123768591,2021-03-05,sunny,-108.21842262293285
-0.8396324471731914,-1.3682450953383907,0.6079925094063973,2021-03-05,rainy,-47.842868154641614
2.171164949318166,0.6620742889997063,0.101407146668211,2021-03-05,sunny,228.26864677434523
-0.0984525244254323,-0.6634782863621074,-0.8264385386590144,2021-03-05,sunny,-32.62888440785194
-0.020129103877537476,0.7750232632241703,-0.33379096035356415,2021-03-05,sunny,-70.60708136079131
-0.37016416451370254,-0.9592553926405882,-0.43847445803460605,2021-03-05,sunny,-88.70618809738897
0.42281857467666145,-3.116856591599126,0.7088595753671403,2021-03-05,sunny,76.49098377839506
-0.1162297003871491,-0.9474885949068795,0.5072389511096153,2021-03-05,rainy,37.61543506248103
-0.8425717017130081,-1.5429214471542902,-2.3137731131722004,2021-03-05,sunny,-92.20658257281994
-0.8087175319795337,-1.1041239857992617,0.43283762149999394,2021-03-05,sunny,-34.96504822822045
0.27687190584612803,-0.9711045704444846,0.8689634868967954,2021-03-06,sunny,65.00162070743497
-0.608291150081495,-0.640725724190199,-0.7408667042040726,2021-03-06,rainy,-88.98348241359155
-1.6528036422528436,1.0659268187168889,0.17468009289816874,2021-03-06,cloudy,-93.25043247370371
-0.8244091213278346,0.42258037227288275,1.6180542690002255,2021-03-06,sunny,57.99828025981138
0.27992459904323824,-0.09815038964295794,-0.7380309092056887,2021-03-06,cloudy,-12.337180097560708
-0.5966708555383098,0.5670582125201824,-0.42378824854947633,2021-03-06,cloudy,-145.07234747692706
-1.607320159234058,-0.9659538588418697,0.06389619165017826,2021-03-06,rainy,-154.20170142474268
-1.7126293226824552,0.6129523681830006,-0.47622443631466943,2021-03-06,sunny,-91.15211308468588
1.9507753952317897,-0.5096521817516535,-1.7062701906250126,2021-03-06,sunny,16.409011922438225
0.36448124924050557,1.4713219561423383,-0.25957698183403943,2021-03-06,cloudy,28.23203147168492
-0.7097851001194992,0.704642720749891,-1.2493385148615423,2021-03-06,sunny,-147.9218891708966
-0.6597112472096701,0.4740078672770297,0.21790338712166898,2021-03-07,sunny,-15.277140663906973
-0.37754691905928855,0.8546427287124486,-0.20583402521873762,2021-03-07,rainy,-81.0283330077591
0.40929499664095537,-0.4190819928078221,0.5165074442817594,2021-03-07,sunny,17.78121596470048
-1.6429652935306092,-0.4060717962598319,-0.4367483374580074,2021-03-07,cloudy,-157.25325502747785
-0.5232509433848951,1.021224743167163,-0.4802420417382233,2021-03-07,cloudy,-129.60342638115375
-0.6600563201340829,0.175818953296028,-1.9686246897860202,2021-03-07,rainy,-190.25529899873231
2.303916697683942,-1.0600158227215473,-0.4810271184607877,2021-03-07,cloudy,105.17678718846736
1.1368913626026953,0.0977249677148556,-0.13594970067832082,2021-03-07,sunny,119.78596455891159
-0.2226751005151545,-0.35343174875719907,0.5672902778526694,2021-03-07,rainy,-38.49033728295477
-0.9108503776386525,1.4028447401002433,1.1483505806911263,2021-03-07,sunny,-24.536209994689692
0.18133842921782128,-0.5028167006425383,-0.43918952180214793,2021-03-07,cloudy,-27.715579337845902
-0.898321971432016,0.8020517387405159,-0.9831181837457077,2021-03-08,cloudy,-191.5815751065191
-0.5070366321254438,-2.010782268585878,0.31056471042047845,2021-03-08,cloudy,-20.556755225656108
0.3960865849565602,-0.5914026678081108,1.4229834965161061,2021-03-08,sunny,117.29124823282731
-1.3948401928346434,0.795549551769407,0.273729449524724,2021-03-08,sunny,-126.84854494182727
-0.7306777528648248,-0.38487980918127546,-1.1268258087567435,2021-03-08,sunny,-153.72298715254777
0.0875512413851909,-1.225435518830168,0.9494208069257608,2021-03-08,rainy,42.08816958014876
-0.11244375601928822,0.8978641732031214,-1.3817450094949852,2021-03-08,sunny,-28.43191791371956
-1.601836048972537,-0.8871809418450403,-0.3854897603756083,2021-03-08,sunny,-161.72382752825922
-0.6757031433716509,-1.3705719179606883,0.11187239689629835,2021-03-08,cloudy,-68.78819411451977
0.33890412521594454,2.0210435614847975,0.2790957643924534,2021-03-08,sunny,55.717118762228
0.5048154563405017,1.3031809616484324,-0.6516562090577808,2021-03-08,cloudy,-56.08666609402335
0.7117852680970441,-0.9379475952614882,-0.2881314527267264,2021-03-09,cloudy,42.28960080311988
-1.2402163364077703,0.9000542427640723,0.41780058320608143,2021-03-09,sunny,-79.48995507106616
0.6620053664519022,-0.34087441056947076,-0.5935203173475259,2021-03-09,sunny,35.90731023154761
-1.8388466037584985,1.9667639719347398,-2.121176444902436,2021-03-09,sunny,-252.03485266117073
0.43077113494564145,-0.14989159173313932,-0.5359145616661618,2021-03-09,sunny,-57.989900610367485
-1.0987684566672995,-1.400256208127942,0.2950757833018624,2021-03-09,rainy,-32.59014574325659
-1.29636038827543,-0.09302414444422329,0.35026591956203,2021-03-09,rainy,-122.80439880907966
-1.7763886163465759,0.2155530537886848,-1.6384236257417921,2021-03-09,cloudy,-193.00962670748817
0.17879286573317985,-0.7994223995430966,0.44103290727315136,2021-03-09,,35.19774237368483
-0.3010947865234137,0.5369879144563616,-0.4796230150738065,2021-03-09,sunny,-108.6003693088428
0.3209994661848916,-1.3920159165580357,-0.9020719714130848,2021-03-09,sunny,18.675837837459156
0.8188393725993478,0.1404959074394759,-0.8185041405936757,2021-03-10,sunny,-22.72256461859697
1.658130679618188,-0.11816404512856976,-1.3065268517353166,2021-03-10,sunny,41.37888285155352
-0.7772280421551344,-0.3000035769377952,1.6295000432323286,2021-03-10,sunny,52.3966998098995
1.0121331898223096,-0.04413971884780624,0.49661519848385155,2021-03-10,cloudy,49.531212075806856
0.01649148698086454,-1.2217763346947719,-1.0966017470927192,2021-03-10,sunny,2.2306569373548513
-1.3730535360419285,1.866683148331627,-1.6064396894498327,2021-03-10,sunny,-181.78032002364228
0.498726958311932,-0.7379317802412299,0.14630444600104425,2021-03-10,sunny,53.46409826287552
,-1.7139153895502894,-1.402330532885283,2021-03-10,sunny,-26.223492681019394
-1.7302760615500858,0.5887424068075064,1.0139721541121614,2021-03-10,cloudy,-53.870583713514065
1.3749640663929898,-1.3322116545945017,0.8952602728899299,2021-03-10,cloudy,160.71209050673116
-0.3698011663038032,0.9725357891425369,0.23958275985639133,2021-03-10,cloudy,-29.26067246998158
-0.8436156065359265,0.6500419730507697,-0.050082641464535414,2021-03-11,sunny,-29.65019048958068
-0.6313759884493888,-0.24133779145310455,1.0813760344581897,2021-03-11,sunny,33.34117055762186
1.0085972868601036,0.5275973827743159,1.6142495472802274,2021-03-11,cloudy,151.0815620445607
-1.0260072516257819,-0.45962644226943894,0.7669904505595512,2021-03-11,rainy,-0.3981254107593628
-1.0182793255668514,-0.6545701349975839,0.2477063784668243,2021-03-11,sunny,-77.04677241991766
1.6815767162673276,-0.7922866618061449,-1.0068317522989838,2021-03-11,sunny,62.782113217159484
-0.7113063597427886,-0.3881541924822496,-0.3249349583204991,2021-03-11,rainy,-71.59739786338737
-0.03576807186022113,2.3807453512197503,-1.6108784034499337,2021-03-11,cloudy,-120.1497056088226
-0.48856622075462575,0.33279821740445475,-0.3212589370580095,2021-03-11,cloudy,-7.374473376214809
-0.008209882269614045,-0.522619416398478,-0.3265609776792077,2021-03-11,cloudy,13.663625579034722
-0.4813926240476333,1.3970653013137426,0.09082592703632521,2021-03-11,sunny,-81.16592320002664
-0.9127834941352918,0.21950955579304526,-1.9457030831639588,2021-03-12,sunny,-136.69422082370454
-1.8447011636280461,-0.3611131347398661,0.013748487335533657,2021-03-12,rainy,-125.97526169486147
-1.1196282336804544,-0.7967753063063009,-0.7239287040586021,2021-03-12,rainy,-144.0720090686921
-1.0969249717331135,-0.9273629280729663,-0.4138039890496651,2021-03-12,sunny,-48.35127554173583
0.16464380952639762,0.8851875412089273,1.0400862450537032,2021-03-12,sunny,-47.68439440824814
-2.5933885647417103,0.09725087697778614,0.3251987146870653,2021-03-12,cloudy,-107.82415530083034
-1.0063655216785503,-0.182904980856951,0.21524046763961147,2021-03-12,cloudy,-88.19080815943892
-0.5854312042777726,-0.2616454457109007,-1.2796891732042395,2021-03-12,cloudy,-125.65282766745581
-1.7423561978092306,-1.3032427541123157,-0.37914756287992274,2021-03-12,cloudy,-136.06484046158843
0.12167501649282841,0.44386323274542566,0.7610377251469934,2021-03-12,rainy,56.60202644605093
0.5365965205668235,0.4046954556143003,0.6164593126261553,2021-03-12,sunny,102.89500762991453
-0.27929666927837216,1.2577442174960383,-0.48972502237302673,2021-03-13,cloudy,-50.054050278463514
0.27560067398405635,1.4350493867891545,0.25871644022974605,2021-03-13,sunny,-39.193145993280076
0.7553956956633383,0.867407411354918,1.1244191845103682,2021-03-13,sunny,168.8088123487617
0.349654456993174,-0.764143923906443,0.5785214977288784,2021-03-13,rainy,211.28060324930988
0.3062033963037085,0.3636978927133631,0.49908427567176655,2021-03-13,cloudy,14.94120844600279
-0.12706716283851693,0.8134522451141071,1.0985816482311466,2021-03-13,rainy,37.06448455574403
0.280441705316296,-0.9931236109295807,-1.1280113314700069,2021-03-13,cloudy,-83.5964230180178
-0.13777921428577067,-0.9571474731510168,0.31943183333153063,2021-03-13,cloudy,47.54116148768582
-0.5428614760167177,0.4160500462614255,-0.49331988336219407,2021-03-13,cloudy,-102.49229133702417
-0.761573388256559,2.011256681463137,-1.3479254226291204,2021-03-13,sunny,-148.55506289032235
2.6429357210147417,0.540123026400494,-0.9196506900626618,2021-03-13,sunny,151.8468677667978
1.6973464810139491,-0.5666030246377041,-0.2925942071580907,2021-03-14,rainy,41.09002206864194
-1.1680934977411974,0.5232766605317537,-0.0392828182274956,2021-03-14,rainy,-97.25280814411965
0.7324240097548762,-0.3752224007606727,0.5400944605248059,2021-03-14,sunny,85.07330856451631
0.42625873077810095,0.6769080350302455,-2.0699850250135325,2021-03-14,sunny,-103.28783634380014
1.0415683888185818,-0.039267991037953184,0.1546688336463322,2021-03-14,sunny,130.03371784157247
1.2248705641936597,0.06485610634357618,0.4014990550902875,2021-03-14,sunny,85.28272983572587
-0.8383111556987011,0.5614499095511267,0.13603121737437676,2021-03-14,rainy,-91.98294687406045
-1.506998398214272,0.6764607323616232,1.285984007080293,2021-03-14,sunny,-27.82963715202911
1.3891453156779274,2.014060154918468,0.22558166356880352,2021-03-14,sunny,104.53811017051913
1.4498475253612189,-0.8814470664684638,1.2341440357800615,2021-03-14,sunny,143.16305025017303
-0.03331928284515295,-1.5308034973994926,-0.19284182854396467,2021-03-14,sunny,-10.18007955745208
0.045165855938831004,1.8593463338516283,0.13545466318998053,2021-03-14,sunny,-5.346771902980176
-1.0922179413406234,0.6986502343077553,-0.39256725796515246,2021-03-15,sunny,-118.87921738230268
-0.18670911180977923,-1.6845172554248828,0.9909091736848452,2021-03-15,cloudy,52.50800482964401
1.3645318481024713,-0.6894491845499376,-1.4377914738015785,2021-03-15,sunny,108.54498799981025
0.9760375253689257,-1.5569339325092606,0.22285832310348672,2021-03-15,sunny,100.47547018141343
0.9836361957891795,-0.08561495423049709,2.19089801323984,2021-03-15,cloudy,220.8762277492331
-0.237921729736007,-1.4240609089825316,-0.5973160689653627,2021-03-15,sunny,-14.633485861083663
-1.0356057313844946,0.1416671648715303,-0.8633555813417826,,sunny,-127.87268762692804
1.0770374729475365,-0.22482656127015146,-0.4324319785784447,2021-03-15,sunny,96.6399371236819
0.3191184000862824,0.30726478050559103,0.335844721405313,2021-03-15,sunny,49.40679499035596
-0.20080851399566557,-0.9988487960953681,2.6805708407690005,2021-03-15,cloudy,145.74134378045352
0.5391612741141966,0.08617684238012002,0.10058120872896319,2021-03-15,rainy,93.52990690270707
-1.3965352375731572,-0.7594954904290641,0.7550496802558879,2021-03-16,sunny,-2.310055648231483
-1.7913275480411837,-0.05858655113386085,-0.36505521654625767,2021-03-16,cloudy,-216.60113797893217
0.43393896823028894,-0.1835907634705542,-0.4054724571406713,2021-03-16,cloudy,35.36895888956819
,-1.5200392851920637,-0.8319574932171248,2021-03-16,cloudy,-176.85328631953496
-0.5216965249478154,0.7776072813422404,0.8303860053403918,2021-03-16,sunny,6.522360975570649
-0.13783917859609385,0.025385604406458987,1.0983035407325124,2021-03-16,rainy,41.524042345671134
0.2745163577239395,-0.8909150829955279,-0.8129929885540773,2021-03-16,sunny,-22.118446018899032
-1.4793159799632536,-0.33210227734882514,-0.12040663866440973,2021-03-16,rainy,-112.49691808641501
-0.8601288762924614,-1.9892694661612838,1.0607149993421696,2021-03-16,cloudy,-59.59099450976888
-0.7255973784635843,-1.3833639553950554,0.6947491436560059,2021-03-16,sunny,63.85649065103715
-0.40630313044506255,-0.8640449911023695,-0.30676577602700456,2021-03-16,sunny,-118.57787862457843
1.2433193844551549,0.8126740421090424,-0.9327890415064383,2021-03-17,cloudy,22.35257670671514
0.259832495003476,-0.7371851695709141,0.6726367185680938,2021-03-17,sunny,-21.704835109942948
0.7519465876771957,0.5629897185861278,0.08595197343438468,2021-03-17,cloudy,17.95867868792903
0.6133262263287012,-0.2859591514851729,1.5551140320590677,2021-03-17,sunny,141.5564714382332
1.2729537489199108,-1.6961312668315431,-0.4751751058292485,2021-03-17,sunny,69.15215557922575
1.0941669914439438,-1.0942409530350914,1.0799312171425357,2021-03-17,cloudy,162.53755715528584
0.31112444609365353,-1.0783610908167798,-0.07223875867166796,2021-03-17,sunny,-42.51697666333051
0.895555985551324,-0.13190863977996706,0.6051200840821667,2021-03-17,sunny,89.83178450339138
-2.36417381714118,0.02033418170524325,1.2978457906510987,2021-03-17,cloudy,-61.55490399810767
0.0012484557884866053,-0.15993978775704282,-0.7891021802566502,2021-03-17,,-38.8466510759142
-0.2789816053030303,0.5298337834749577,-0.43141434110468524,2021-03-17,sunny,-63.77761029515715
-0.9669310884567346,-1.7317313464679263,0.5922056816440394,2021-03-18,sunny,-56.8413100846684
-0.779923248925003,0.08907620249656334,0.24461036132947195,2021-03-18,cloudy,-29.15859912005771
0.025405208385016018,1.1541840304940192,-0.5352701645328445,2021-03-18,cloudy,-97.86979871847264
1.2224450703824274,0.2082749780768603,-0.40317694697317963,2021-03-18,sunny,38.39236970129184
0.5462718669437655,-1.0980979603625587,0.8123335893418311,2021-03-18,cloudy,109.97813656360458
-0.036883530845066945,1.269764750314304,0.030546581040616888,2021-03-18,sunny,101.009481648324
-0.6023318535828621,0.9214083978105813,-1.014825907734441,2021-03-18,cloudy,-139.61319685657395
-0.1977874516727299,-0.8377762593852057,0.8982406224036156,2021-03-18,sunny,33.53256918588547
-0.45764059428952597,,-0.5863200252111324,2021-03-18,rainy,-34.19982217351988
-0.510805137568873,-1.180632184122412,0.386902497859262,2021-03-18,sunny,-21.733625570525668
1.7858704939058352,0.12691209270361992,0.010500020720820478,2021-03-18,rainy,160.77597481578258
0.4066570874668812,1.2016978556675064,-1.1980928801910382,2021-03-19,rainy,-64.3701348629
-0.8868796038714377,0.6343866731890512,0.7979131965667455,2021-03-19,cloudy,14.874553345104225
-1.1390081931169653,-1.214401382959259,0.6479677910098883,2021-03-19,sunny,5.105321952112973
-1.6567151023219537,-0.9855107376841507,0.0386305518401881,2021-03-19,sunny,-142.2846429560834
0.14067190330796092,-0.7436721747008731,-1.216076580745861,2021-03-19,sunny,-39.64256513191977
0.4790952240982286,-0.7781835214561222,1.0390964403783927,2021-03-19,cloudy,133.30220326451678
-0.6088151174171313,-0.22612246976395622,0.6335339024604004,2021-03-19,cloudy,-16.34478029832303
0.9943943913154989,1.3191368763015756,1.738872677454511,2021-03-19,sunny,219.5162162261376
-0.29875960056993595,-1.1022301909070906,0.6991361537186938,2021-03-19,cloudy,-34.234206822130886
-1.2631729120851543,-2.7773591454274333,-0.34069234387793046,2021-03-19,sunny,-187.1700170768379
1.3018462295649984,-0.6280875596415789,0.6898181645347884,2021-03-19,cloudy,146.97824229917956
-1.4484668632479882,-1.5727964525481732,-0.05728119979051539,2021-03-20,cloudy,-132.10822091990306
-0.31197610791621294,-0.8402903954793065,-1.3780834670640771,2021-03-20,rainy,-98.31321776328521
0.7303517903770194,1.1045784735714765,-0.17220079269688263,2021-03-20,sunny,10.45781363591881
0.7717905512136674,0.8235041539637314,-0.1715463312222481,2021-03-20,sunny,52.71864912359063
0.7035855546433883,0.9291451477686911,-0.4808453408727291,2021-03-20,sunny,-17.56312803323847
-0.955945000492777,-0.34598177569938643,-0.04225715166064269,2021-03-20,sunny,-59.086863818873994
0.499646955111966,,0.39710623644977877,2021-03-20,sunny,24.980243335496503
-0.8137944832313059,-1.4491176107369304,0.547480572104665,2021-03-20,sunny,-58.28881988102038
0.32579961364062554,0.12476952104321241,0.7130162297109377,2021-03-20,sunny,39.400791573848096
-0.08593076697161273,0.19429293804577166,,2021-03-20,sunny,-112.9934154129688
1.3250140528868153,0.2053325637779597,1.2760753460061875,2021-03-20,sunny,185.92845716275616
0.1971810551973674,1.0590272544419663,0.09866745381579567,2021-03-21,sunny,-13.91752174448635
0.18342864666752473,0.2879154322152784,0.7794605312590615,2021-03-21,sunny,3.78224087906365
-0.8299645975379619,1.4111720638896117,-0.4246633024328657,2021-03-21,cloudy,-112.60109631559621
0.4502888306473442,-0.8840147297480861,-0.3310106034017459,2021-03-21,cloudy,-25.242495603619286
-0.5211893123011109,-1.8430695501566485,-0.6522935999350191,2021-03-21,sunny,-70.44233065693835
-0.005927405833231806,1.3660600684033315,0.21035936662981292,2021-03-21,cloudy,-123.87799410639676
0.46838523427705164,1.7358789976857132,-0.6579510447611686,2021-03-21,sunny,-20.084126095604354
-0.11433515987237679,0.7435535155083369,0.026246617861587385,2021-03-21,sunny,-60.6415563054741
0.33003511451031164,2.225944331738259,0.3269625954044574,2021-03-21,sunny,82.05926119306447
-0.39727181432879766,-0.13288057758695562,-0.637437025552229,2021-03-21,cloudy,66.14154919169994
-1.0192511495051295,0.5125622314261223,0.9385851362497682,2021-03-21,sunny,17.76625204402631
-0.8688625468659522,0.6563907508593024,-0.2527106720416067,2021-03-22,cloudy,-54.154249868316064
0.21496559062609352,0.09721923200291803,-1.6786883628286566,2021-03-22,rainy,-101.77455950793419
0.07328543200764547,-0.46189381535428464,0.701783372117029,2021-03-22,sunny,27.38538718541774
0.17371185298702344,0.5665453158182124,-0.5288698535561153,2021-03-22,sunny,-28.814779627966896
0.5140041798160635,1.0875463154668945,-1.261491746790615,2021-03-22,sunny,-72.64819069392854
0.2524966270768724,0.8203217972614217,-0.9180047698190454,2021-03-22,sunny,-71.82287398124107
-1.8269113783045177,-0.40318830684953333,0.8767267736904524,2021-03-22,sunny,-36.510479880839654
0.38616637709836915,0.10086706325731179,-0.6993179409720909,2021-03-22,rainy,-21.081982769004036
0.9367424635352571,1.412327706037443,-0.8887202573536308,2021-03-22,sunny,40.57958544444335
0.38900214065347916,-0.3394543214647791,-0.17845681489726312,2021-03-22,sunny,-0.7837320631840932
0.8246182196384677,-1.3128496745497917,-0.18375573024999226,2021-03-22,cloudy,87.07275046240599
0.23868157093183537,-0.11622243953775185,-0.36416980891575595,2021-03-23,cloudy,11.208163933427723
-0.8174930976162265,-1.4013472930393105,1.3290628465396823,2021-03-23,cloudy,-17.348132162727858
1.3124703671409963,-0.8589723884443423,-0.8974009269018305,2021-03-23,rainy,48.77694667062163
1.4805147914344243,1.8675589604265699,1.9229420264803847,2021-03-23,sunny,168.83311157656453
-0.7333128075836657,2.149574534867287,-1.6388073071221778,2021-03-23,sunny,-206.1646227424847
-1.4589407305973254,0.16987795979692444,-0.6527614493487129,2021-03-23,sunny,-179.06998419731275
0.4595849048340562,0.28005786003768013,-2.123890018045559,2021-03-23,cloudy,-107.48072718066946
2.594424587768152,-0.40403229385093714,-1.5415873996717875,2021-03-23,sunny,71.17477514567688
-1.3533888581477134,-1.0326431018921296,-0.34796185592084583,2021-03-23,cloudy,-164.35028880586816
0.8215857120497958,0.005292646299360854,0.3148172045158238,2021-03-23,cloudy,56.87100982333097
1.5199948607657727,1.7195893074161945,0.14206180518723566,2021-03-23,sunny,136.38896100509461
0.5426107834987963,0.7159388934369917,0.6354245265539955,2021-03-23,rainy,75.26451674748682
-0.9962126403710662,-1.217938511593151,1.034409886481518,2021-03-24,rainy,-12.431988555352934
0.5129168468277764,-2.5412388076882246,0.8906716814313947,2021-03-24,sunny,149.58858091374913
0.3563663971744019,0.7065731681919482,0.9766390364837128,,sunny,54.501384534754905
-0.8552404572508642,1.2572196508289941,-1.0225643912606857,2021-03-24,cloudy,-105.09868838391897
0.5053869385773427,0.3592491565134564,2.023471949769974,2021-03-24,sunny,132.58720050074464
0.37415508597080255,0.40955177823769134,-0.00041732641262016675,2021-03-24,cloudy,53.219886983686564
1.4015234160052454,0.1584338467855317,0.09775080242218528,2021-03-24,sunny,82.82773439942841
0.8640523004976479,,-2.369586905226603,2021-03-24,sunny,-95.10020805053276
-0.08837552319915497,0.09837790681547566,0.22246316400860677,2021-03-24,rainy,12.573944689035237
-1.4723229284664896,0.9132019242521776,-0.4003488150134234,2021-03-24,cloudy,-72.78567390605765
1.0479721559680528,0.2842796708072146,0.4986902749098275,2021-03-24,sunny,41.872543936538406
-2.77259275642665,1.9559123082506942,0.3990463456401302,2021-03-25,rainy,-189.3020633477161
-1.6882300277714322,-0.11246598255955272,-0.026192237344250482,2021-03-25,cloudy,-66.74626222026849
-0.3122922511256933,,-1.1573552591908536,2021-03-25,sunny,-87.62382227523304
-0.0028761026590009907,-0.0365972929162469,0.28725731246679276,2021-03-25,sunny,12.412546769393764
-0.8014968853943748,-0.6471814318477607,0.2711701846373109,2021-03-25,sunny,-42.39969819416703
0.6081564276006415,1.1149623229474022,0.30198921035755294,2021-03-25,sunny,109.72151560710884
-0.8570781886711647,0.6774621693464117,-1.0431294980353556,2021-03-25,sunny,-139.91761350526494
-0.216949569936649,0.4453932508947973,-0.4706376581547914,2021-03-25,sunny,-46.57565159858586
2.042072149826954,0.03811800017940036,-0.9933613754231354,2021-03-25,cloudy,71.92107900483687
-0.11054065723247261,1.0201727117157997,2.0644928613593194,2021-03-25,sunny,58.91215266107082
-0.7564935288807483,0.3015140573967662,-0.14527445720476923,2021-03-25,cloudy,-56.416420418604616
-0.5225785415319466,-0.30713172015868406,-0.34404562884962536,2021-03-26,cloudy,-59.067490274455295
1.1318119568284526,-1.6847289588739411,-0.1476374145148375,2021-03-26,sunny,148.39722388416618
-1.4704017351380814,1.0104275531255087,-0.9549427576172389,2021-03-26,cloudy,-222.78763541611823
0.09541187582686682,2.337409661478276,-1.1129058948716162,2021-03-26,cloudy,-95.26491038932136
0.9237965603139469,-0.13256801465371804,0.4608144771488305,2021-03-26,cloudy,167.00105861537412
0.8625960113284511,-2.655619092974933,-0.4243176209779015,2021-03-26,sunny,55.5027489856422
-1.3707599825430605,0.8656529228158533,0.3087512418366131,2021-03-26,cloudy,-15.522269288439958
-0.30274601690425323,0.9896794419358903,1.4156562261746801,2021-03-26,sunny,38.03816186771037
0.5934659196032391,0.010185518712073464,0.04108222614387957,2021-03-26,cloudy,57.41429461454116
1.2973420890928906,1.0013310173467296,0.19321355323369646,2021-03-26,sunny,121.54635015123398
1.7140514697707319,-0.7679485917368151,0.037996013453515,2021-03-26,sunny,109.61206431177608
0.5213037482757137,0.6119271927311578,1.4893559620744803,2021-03-27,sunny,159.34130234390165
1.0996595958871132,0.6552637307225978,-0.2393791775759264,2021-03-27,sunny,17.561285440966117
1.3257079593243715,-0.34198227768405226,-0.7557507604402671,2021-03-27,sunny,72.1494647165407
1.1285940645145685,0.4960009463439622,-0.8824188185499185,2021-03-27,sunny,82.00816021589323
-1.1570172808158679,0.7706730544633433,0.19286395555038602,2021-03-27,cloudy,-73.17955562936152
-0.7391692003908287,-0.05872619336893859,-0.15589798576570357,2021-03-27,sunny,-39.994647640237275
-0.757870860425166,-0.05008409428482209,-0.04140081155796743,2021-03-27,rainy,-128.8353445440425
-0.1016972745548716,0.019279384513077216,-1.1029062129553697,2021-03-27,sunny,-79.37768432699806
-1.0707526215105425,1.0544517269311366,-0.17992483581235091,2021-03-27,sunny,-80.25713303886681
0.4064154936762062,-0.1931767015498399,2.1338682472045374,2021-03-27,,223.72082995296753
0.5210648764527586,-0.5757879698130661,-1.466424327802514,2021-03-27,sunny,-130.70001994714588
-0.6963266538610828,-0.29039710080386677,0.6799748442451024,2021-03-28,sunny,-42.34768687280374
-0.3328117648522096,0.48042449611778676,0.5684589189242769,2021-03-28,sunny,-5.4118570955405385
1.2980219723262212,2.6962240525635797,1.1002843382203737,2021-03-28,rainy,203.48388026308066
1.0147376948297768,1.4403036410176226,-0.5634076631181697,2021-03-28,rainy,66.18305944820459
0.9423143082769667,-2.0051254266521483,1.9595620052057678,2021-03-28,cloudy,227.77170932285597
0.7741606098188164,-0.7744589687708259,0.3464944420067607,2021-03-28,cloudy,46.60202323311757
-0.5475181006794317,0.6659671460695378,-1.1094775536361452,2021-03-28,sunny,-111.54639582275209
-0.056133020448757114,-0.001385042735095726,,2021-03-28,cloudy,35.71940994971452
1.1641517662249663,-0.23229400718659735,0.5953003076922928,2021-03-28,sunny,-29.93456207782387
1.149379383367124,0.2975143539549459,-0.43046191188579297,2021-03-28,sunny,67.20147961504705
0.44702415688567826,0.10571999546715494,-0.46302175410905094,2021-03-28,sunny,42.64808887631273
-1.951804101481602,-0.659891729729498,1.133079879559722,2021-03-29,cloudy,-41.0277014061861
-1.016738648609769,-0.11477532477079817,0.22739277512112846,2021-03-29,sunny,-111.5576316391194
-0.8612256850547025,1.9100649530990337,0.9060446582753853,2021-03-29,rainy,56.3240792144742
0.9623417448143452,0.7708369604049367,0.45730964672081126,2021-03-29,sunny,98.02550111086275
-0.7786754726576129,-1.6853821048712272,-0.24508175557685558,2021-03-29,cloudy,-154.47458809365997
0.017515613278218337,0.3236257646091187,-0.709854182146104,2021-03-29,sunny,-57.484693047241095
-0.5892289865101498,-0.44846500620405927,1.151733974780799,2021-03-29,sunny,67.55760969154372
-0.5247419549622203,-1.3852775837671982,0.8883388619968426,2021-03-29,cloudy,60.432913914870156
0.4347888054610397,-0.20496055173029593,0.6498296346799787,2021-03-29,sunny,84.06100233417914
-0.057469518465394644,-0.39121705217401626,,2021-03-29,sunny,17.109160268651376
0.10523213705927585,-0.09165940810038319,0.23820019202203863,2021-03-29,sunny,1.959666685702114
-0.3934491211856633,0.0027175398906808907,-0.6339886593167213,2021-03-30,cloudy,-93.13339516262664
-2.205505355019822,0.44786966411125256,-0.6910198131753685,2021-03-30,sunny,-185.02038198590697
2.488441614331128,1.6959695330141693,1.4263168607870274,2021-03-30,sunny,290.8044615209492
-0.7756641079399706,-0.1880897380496502,1.9026181983698311,2021-03-30,sunny,57.25499436895132
-1.6606998118692633,0.11514787314009216,-0.11048940506592783,2021-03-30,sunny,-161.1488941649965
-0.19346388279034774,1.241299220315991,0.312633963013986,2021-03-30,,-54.66117313546533
1.9979560797500047,-0.8565493082342095,-1.4219198716404369,2021-03-30,sunny,-10.975899888080207
-0.2559576692142683,-0.3480463796426194,-0.5946497697204054,2021-03-30,sunny,-56.96849067876927
1.5522431800485608,0.2869044880033464,-0.6006575576577885,2021-03-30,sunny,42.16115963956688
0.2098494779230553,-1.2406245995562275,-0.660608593976992,2021-03-30,sunny,-1.8903339122206333
1.193611680749198,-0.09816121120593053,-0.1540723984248353,2021-03-30,rainy,40.06606668337366
-0.12656933163938985,-0.3634377801160514,-1.6641729851661735,2021-03-31,rainy,-113.29200290125254
-1.0043227122146134,-0.9981917282318641,-0.7667048545369003,2021-03-31,cloudy,-80.39237076855787
0.24676602397997058,1.5259575608848084,-0.6958351193495473,2021-03-31,sunny,6.7730881852196845
-0.41021869278032874,1.3821818883931385,1.4863992534663846,2021-03-31,rainy,123.19813952962738
0.3263750897269907,1.483128627973814,0.003583205954583647,2021-03-31,sunny,-1.4555129313055524
-0.39079799608101357,1.209850126410305,0.25233143138452124,2021-03-31,sunny,-54.212458181971805
0.9367952162539889,0.770330879327212,0.1555907349688975,2021-03-31,cloudy,24.231438807952202
-1.226196191783019,0.18333919925760125,-0.37514711666128386,2021-03-31,rainy,-128.96654489078497
0.9492464735582357,-1.5023965693817127,0.330576756274374,2021-03-31,rainy,58.03956956368403
-0.2821958766904351,-1.1582031851840289,0.2837695543833455,2021-03-31,sunny,19.150731878463553
-0.27567053456055696,-0.7097279658468882,-0.5394546333745014,2021-03-31,cloudy,-50.931246139792215
